0,1,2,3,4,5,6,7,8,9,10,11,12,13,14
-0.1105666236,-1.063078466,-0.9831963808,-0.9816971485,0.4749529416,2.520151051,-0.472657321,-0.07023866967,1.096975254,-0.08889403335,-0.1774482006,0.04085365766,-1.164825343,-0.9209126474,0.01188471051
-1.774988557,-1.881793237,-2.028193009,-2.039476985,-1.362826357,0.08168518325,-0.9053142815,-0.8075556844,0.02218203996,-0.5997120217,-1.837831779,-1.285485699,-1.970656934,-1.852334527,-1.546681293
0.04429740718,-0.9869021865,-0.8859659931,-0.8832773634,0.6459467888,2.747035019,-0.472657321,-0.6793266383,-0.3857034735,-0.5997120217,-0.02295991341,0.1642612233,-1.089847763,-0.8342496783,0.1568995104
2.065590554,0.00735445251,0.383089935,0.4013026401,2.877767113,5.708336025,-0.1842193473,-0.4549258078,-0.2844764117,-0.4355205255,1.993429008,1.774982999,-0.1112366063,0.2968797685,2.049639998
-0.3782810996,-1.194764904,-1.151279196,-1.151836083,0.1793547451,2.127935232,-0.7178295986,-0.6793266383,-0.7310663899,-0.5084945238,-0.444513126,-0.1724818186,-1.294439581,-1.070727496,-0.2388033347
0.1090276409,-0.9550619436,-0.8453255313,-0.842139756,0.7174189805,2.841868223,-0.8908923828,-0.6152121153,-0.5047941343,-0.4355205255,0.04161326655,0.21584325,-1.058508553,-0.7980261975,0.217512952
-1.413476309,-1.703968485,-1.801219864,-1.809727328,-0.9636609088,0.6113196834,-0.8187828894,-0.5510975923,-0.2279083478,-0.6179555213,-1.477196661,-0.9974049468,-1.795630407,-1.650029804,-1.20816094
-0.41858483,-1.214589961,-1.176583635,-1.177450065,0.1348531918,2.068888142,1.70504938,3.359888312,4.848331071,1.753699425,-0.4847190682,-0.2045989296,-1.313952674,-1.093281739,-0.2765437795
-1.084451309,-1.54212393,-1.59464363,-1.600624094,-0.60036641,1.093358651,-1.063955167,-0.8716702074,-0.9216114473,-0.8003905171,-1.148969968,-0.735212532,-1.636332615,-1.465905168,-0.9000616729
-0.4649951862,-1.237418814,-1.205722079,-1.206944953,0.08360897893,2.000894524,-0.5447668144,0.538849299,0.3556358903,-0.2530855296,-0.5310168199,-0.2415822694,-1.336422296,-1.119253291,-0.3200024734
-1.031690062,-1.516171128,-1.561517819,-1.567093063,-0.5421098311,1.170656659,-0.6889858012,-0.4549258078,-0.3827262069,-0.4355205255,-1.096336735,-0.6931683141,-1.610788203,-1.436379613,-0.8506559998
-0.143053873,-1.079058663,-1.003593292,-1.00234357,0.4390819926,2.472555518,-0.9197361802,-0.4869830693,-0.6536574604,-0.5997120217,-0.2098566267,0.01496531976,-1.180554078,-0.939092734,-0.01853637527
-0.7451671789,-1.375232997,-1.381626266,-1.385000937,-0.2257442431,1.590427786,-0.9053142815,-0.8716702074,-0.8620661169,-0.7274165188,-0.8105090365,-0.4648448527,-1.472067854,-1.276039451,-0.582355747
-0.9149313767,-1.458738539,-1.488211628,-1.492890134,-0.4131901797,1.341714288,-0.8476266868,-0.8075556844,-0.6923619252,-0.5814685221,-0.9798613387,-0.600126017,-1.554259365,-1.371040656,-0.741323075
-0.06171361706,-1.039048094,-0.9525243342,-0.9506498977,0.5288942183,2.59172328,-0.6312982065,-0.3266967617,-0.394635273,-0.4355205255,-0.1287137251,0.0797834891,-1.141173109,-0.8935741713,0.05763070416
0.638838497,-0.69445256,-0.512687186,-0.5054323206,1.302412127,3.618069055,-0.6168763078,-0.7113838998,-0.1951584161,-0.5632250225,0.5701386527,0.6380372719,-0.8020000824,-0.5015404247,0.7136282531
2.373364495,0.1587457957,0.5763238286,0.5969003204,3.217597157,6.159241072,-0.3140164355,0.2182766839,0.7069533399,-0.2895725288,2.300456203,2.020240937,0.03777246405,0.4691121677,2.337839758
-1.896738968,-1.927199703,-2.0118006,-2.005176262,-1.389375612,-0.9822360119,-0.7034076999,-0.2625822387,1.335156576,0.1482714612,-1.653173197,-1.406379435,-2.025910174,-1.594205695,-1.639643202
-1.347076979,-1.643656818,-1.582280612,-1.554299304,-0.684360183,-0.9822360119,-0.8476266868,0.09004763787,1.037429924,0.5496284521,-0.8264775075,-0.9900762367,-1.756433085,-0.9899223427,-1.105801566
-1.768107343,-1.860845138,-1.911284547,-1.899662261,-1.224388253,-0.9822360119,-0.4582354223,1.276166314,3.091743823,2.173299915,-1.459710283,-1.308956368,-1.96284728,-1.452791606,-1.514713849
-1.541016944,-1.74370066,-1.733830279,-1.713384457,-0.9331142727,-0.9822360119,-0.7322514973,-0.1664104542,0.028136573,-0.3625465271,-1.118164647,-1.136962558,-1.851514023,-1.203134634,-1.294159558
-1.403849579,-1.672942938,-1.626644179,-1.600868755,-0.757178678,-0.9822360119,-0.9341580789,-0.4869830693,-0.4184534052,-0.6909295196,-0.9118639167,-1.033074689,-1.7842664,-1.052336586,-1.160940139
-1.218246849,-1.577199855,-1.481609441,-1.448622473,-0.5191182135,-0.9822360119,-0.7322514973,0.05799037636,0.7694759368,-0.01592003501,-0.6327160404,-0.8925028254,-1.693272872,-0.8482900223,-0.9806794204
-2.105566852,-2.034923471,-2.17498407,-2.176473683,-1.657225461,-0.9822360119,-0.8043609907,-0.1984677157,0.09065916995,-0.4172770259,-1.967251877,-1.564541575,-2.128290057,-1.823785357,-1.84246061
-0.3172299599,-1.112410706,-0.7775317143,-0.7095359756,0.6365571325,-0.9822360119,-0.8187828894,-0.6152121153,-0.4333397378,-0.4902510242,0.7224200135,-0.2100903234,-1.251540657,0.1422632945,-0.1055955685
0.2225067489,-0.8339877724,-0.3557675947,-0.2668005303,1.328842056,-0.9822360119,-0.9918456736,-0.5510975923,-0.4690669361,-0.544981523,1.534188009,0.1986956631,-0.9869295327,0.7356350654,0.4186064568
0.0587396342,-0.9184669633,-0.4837394221,-0.4011354852,1.118788704,-0.9822360119,-0.8187828894,-0.6152121153,-0.4720442026,-0.3443030275,1.287881059,0.0746616657,-1.067217939,0.5555939801,0.2595528817
-0.6737460059,-1.296319345,-1.056122505,-1.001979102,0.1792773525,-0.9822360119,-0.6601420039,-0.03818140816,-0.1356130857,-0.4720075246,0.1862172479,-0.4801085771,-1.426326085,-0.2496806925,-0.4518503819
0.4676611568,-0.7075249836,-0.164197647,-0.0657051735,1.643285557,-0.9822360119,-0.5303449157,-0.07023866967,-0.2993627444,-0.07065053377,1.902902049,0.3843707986,-0.866740221,1.005151114,0.6567048391
0.9883413286,-0.4389323559,0.2426752055,0.361398568,2.311127908,-0.9822360119,-0.09768795523,-0.1984677157,-0.4095216056,0.1300279617,2.686008871,0.7787237381,-0.6114717477,1.57757265,1.162398812
0.3481607895,-0.7691691932,-0.2575783016,-0.163728983,1.490010263,-0.9822360119,-0.3428602328,-0.5190403308,-0.6060211961,-0.5084945238,1.723172614,0.2938635665,-0.925326428,0.87377568,0.5406439273
-0.3289417899,-1.118452248,-0.786683639,-0.7191429603,0.6215351353,-0.9822360119,-0.5303449157,-0.3908112848,-0.6774755926,-0.5267380234,0.7048053347,-0.2189606336,-1.257282495,0.129387629,-0.1169703091
0.5425034548,-0.8764326266,-0.5111262883,-0.6369951315,-0.005663932986,-0.9822360119,-0.6168763078,-0.7754984229,-0.5405213326,-0.5267380234,0.4650098071,1.024298674,-0.2482694944,0.6377502285,-0.6572812214
-0.5732184298,-1.375908764,-1.23436858,-1.320278714,-0.797085348,-0.9822360119,-0.8476266868,-0.5190403308,-0.4482260704,-0.6909295196,-0.6446958103,-0.03452603246,-1.008524656,-0.4240051515,-1.232579205
-1.130084376,-1.625201402,-1.595344742,-1.661311155,-1.192090269,-0.9822360119,-0.515923017,0.5067920375,0.1472272339,-0.05240703418,-1.198558989,-0.5629941307,-1.387974245,-0.9539359728,-1.519715149
-0.09810796619,-1.16321567,-0.926388621,-1.029314465,-0.460072513,-0.9822360119,-0.6168763078,-0.3266967617,-0.6864073921,-0.6909295196,-0.1721472678,0.4163557727,-0.6847834197,0.02812462911,-0.987598717
-0.7786850492,-1.467890175,-1.367557819,-1.446109326,-0.9428301656,-0.9822360119,-0.6601420039,-0.8075556844,-0.742975456,-0.544981523,-0.8490544994,-0.2295147084,-1.148530028,-0.6195335278,-1.338523646
-0.4266223915,-1.310281994,-1.139340907,-1.230501263,-0.6930995378,-0.9822360119,-0.7322514973,-0.7113838998,-0.6387711278,-0.5632250225,-0.4988902565,0.1045942174,-0.9086338173,-0.284499837,-1.156990112
2.362516487,-0.06166588987,0.6686573259,0.4776061339,1.285336369,-0.9822360119,-0.05442225918,-0.5510975923,-0.09095408786,0.3671934563,2.275208849,2.751498608,0.9918910881,2.369730802,0.281169339
-1.027433983,-1.579247815,-1.528803871,-1.598446628,-1.119276676,-0.9822360119,-0.9197361802,-0.8396129459,-0.7846571873,-0.7274165188,-1.096462113,-0.4655784807,-1.318028058,-0.8562506904,-1.466785682
-0.9833225054,-1.559500394,-1.500209572,-1.571432147,-1.087986828,-0.9822360119,-0.6889858012,-0.07023866967,1.46020177,-0.5632250225,-1.052588496,-0.4237165051,-1.287970407,-0.8142728469,-1.444040548
-0.7058845279,-1.435299505,-1.320366475,-1.401525275,-0.8911901535,-0.9822360119,-0.7178295986,-0.5831548538,0.4836583508,-0.5997120217,-0.7766465377,-0.160426711,-1.098923605,-0.5502543049,-1.300985624
-0.1558177188,-1.189050643,-0.9637977051,-1.06465672,-0.5010081034,-0.9822360119,-0.8332047881,-0.8075556844,-0.7191573239,-0.6726860201,-0.2295458342,0.3615889775,-0.7241069625,-0.02679375262,-1.017355509
0.1559476116,-1.0494824,-0.7617026532,-0.8737273,-0.2798618103,-0.9822360119,-0.6168763078,-0.5190403308,-0.4750214691,-0.3260595279,0.08053837515,0.6574555721,-0.5116694322,0.2698917579,-0.8566004247
0.9255768129,-0.7049418601,-0.2628073681,-0.4023956852,0.2660636931,-0.9822360119,-0.4005478276,-0.5831548538,-0.1892038831,-0.3807900267,0.8460175325,1.387836884,0.01275747101,1.002294659,-0.4597576866
0.2834728983,-0.9923930496,-0.6790371772,-0.7956290428,-0.1894035659,-0.9822360119,-0.5015011184,0.5709065605,-0.1356130857,-0.3625465271,0.2073760119,0.7784775994,-0.4247734425,0.3912487566,-0.7908447545
0.8055139942,-0.7586904813,-0.3406354626,-0.4759238233,0.1808988441,-0.9822360119,-0.6745639026,2.398170467,0.8379530668,0.2212454596,0.7266021242,1.27389677,-0.06905357789,0.8880391751,-0.5216654958
1.47365363,-0.4595838588,0.09247143326,-0.06674582806,0.6548341712,-0.9822360119,-0.5447668144,0.7632501296,1.701360358,-0.08889403335,1.391138975,1.907964062,0.3862181293,1.523861474,-0.1771536682
-0.6575201311,-0.376024837,-0.4459478109,-0.7358824467,-0.9937442429,-0.9822360119,-0.1265317526,-0.3587540233,-0.6238847952,-0.1253810325,0.091881068,0.5383677632,0.2690097845,1.705886288,-0.4027779575
-0.02233735094,0.2658111674,0.256250125,-0.1277640254,-0.5903377949,-0.9822360119,-0.4870792197,-0.2946395002,-0.4809760022,-0.4720075246,1.006292211,1.366095513,1.161752731,3.071777413,0.2256002411
-1.091306038,-0.8143544362,-0.9255004345,-1.151185269,-1.269242946,-0.9822360119,-0.7322514973,0.09004763787,0.2276134299,-0.7091730192,-0.5325984983,-0.02691304149,-0.3406719025,0.7730771195,-0.8319168061
-0.9539805021,-0.6755904832,-0.7736863251,-1.019711005,-1.182027095,-0.9822360119,-0.4438135236,-0.3587540233,-0.245771947,0.02056696415,-0.3349042213,0.1520404199,-0.1476622561,1.068380671,-0.69606241
0.04924723707,0.3381455684,0.3353872671,-0.0592295689,-0.544874213,-0.9822360119,-0.09768795523,-0.7434411614,-0.6596119934,0.07529746291,1.10934561,1.459379765,1.262364143,3.225712243,0.2964179582
-0.8365859518,-0.5569662833,-0.6439060265,-0.9073184925,-1.107469471,-0.9822360119,-0.5447668144,-0.8075556844,-0.8263389186,-0.5267380234,-0.1659026548,0.3050211524,0.0173345921,1.320824817,-0.5799254832
-0.8391947196,-0.5596023766,-0.6467900331,-0.9098161039,-1.109126307,-0.9822360119,-0.2707507394,-0.6472693768,-0.7221345904,-0.3807900267,-0.1696582452,0.3016215806,0.01366799547,1.315214947,-0.5825063038
-0.9342582177,-0.6556616176,-0.751883235,-1.000829063,-1.169501414,-0.9822360119,-0.3572821315,-0.3266967617,-0.4988396013,-0.3443030275,-0.3065119582,0.1777411829,-0.1199427856,1.110791288,-0.6765514063
-0.7232610793,-0.4424543889,-0.5186247782,-0.7988222537,-1.035496512,-0.9822360119,-0.4438135236,-0.6472693768,-0.5196804669,-0.544981523,-0.002759809257,0.4526985529,0.1766115496,1.564517566,-0.4678146365
-1.023269374,-0.7456051221,-0.8502855414,-1.086047564,-1.226032661,-0.9822360119,-0.515923017,-0.03818140816,0.01622750691,-0.4720075246,-0.4346527015,0.06174779195,-0.2450470625,0.9193825267,-0.764609005
-0.668059553,-0.386674654,-0.4575991977,-0.7459727967,-1.000437861,-0.9822360119,-0.7322514973,-0.2946395002,-0.03438602395,-0.3078160284,0.07670848291,0.5246334929,0.2541967342,1.683222413,-0.4132044727
-1.289154987,-1.014275754,-1.144223498,-1.340604116,-1.394897394,-0.9822360119,-0.7178295986,0.410620253,0.2990678264,0.03881046374,-0.8174224717,-0.2847365694,-0.6187465907,0.3476245858,-1.02764624
-1.315242665,-1.040636688,-1.173063564,-1.36558023,-1.411465755,-0.9822360119,-0.8332047881,-0.5831548538,-0.7072482578,-0.6544425205,-0.8549783754,-0.3187322878,-0.6554125569,0.2915258867,-1.053454446
-1.130437555,-0.8538958361,-0.968760534,-1.18864944,-1.294095487,-0.9822360119,-0.4870792197,-0.2946395002,-0.2189765483,-0.2895725288,-0.5889323538,-0.07790661901,-0.3956708519,0.6889290709,-0.8706291151
0.4010134851,0.6935963933,0.724266722,0.277548351,-0.3214664364,-0.9822360119,-0.3861259289,0.410620253,0.2365452295,0.05705396332,1.615749415,1.917778031,1.756768032,3.982147101,0.6444158074
-0.004180327158,0.284158377,0.2763228112,-0.1103806502,-0.5788062158,-0.9822360119,-0.2995945368,-0.3908112848,-0.2725673457,-0.1253810325,1.03243112,1.389756533,1.187272244,3.110822107,0.2435627524
0.3297419493,0.6215783235,0.6454756607,0.2093136078,-0.366731198,-0.9822360119,0.08979672765,-0.7113838998,-0.4660896695,-0.0341635346,1.513146687,1.824901728,1.656596612,3.828885455,0.5739077887
-0.9605211868,0.5130806342,0.2012707457,-0.1945973185,-0.3614602797,0.01467580238,0.3782347013,6.405328155,2.939903231,0.6590894496,0.3427911909,-0.480540083,-0.449606478,0.5188122412,-0.7702735796
-1.159088767,0.1583804837,-0.1448352012,-0.4918553161,-0.5938645656,-0.1138103183,0.7243602697,2.526399513,0.9510891946,0.3307064571,-0.03162508758,-0.6588690185,-0.6909601885,0.1608322647,-0.9579832632
-1.513168425,-0.474110018,-0.7620007808,-1.021916721,-1.008280808,-0.3429228542,-0.2274850434,0.8914791756,0.4241130203,0.4948979533,-0.6992727882,-0.9768597432,-1.121334772,-0.4775067229,-1.292701452
-1.129023098,0.2120866183,-0.09243033882,-0.4468466574,-0.5586755874,-0.09435587806,1.243548622,1.981426067,0.4717492847,0.950985443,0.02506632068,-0.6318677393,-0.6544161531,0.2150350068,-0.9295616188
-1.456757181,-0.3733429298,-0.6636752277,-0.9374684262,-0.9422568627,-0.3064211154,-0.6168763078,-0.3908112848,-0.4095216056,-0.3260595279,-0.5929045272,-0.9261981138,-1.052768377,-0.3758078659,-1.239374837
-0.6521193897,1.063977029,0.7388192018,0.2670837915,-0.0005055887669,0.2142317951,0.9118449526,1.179994529,0.307999626,0.64084595,0.9243093483,-0.2035715858,-0.07475214329,1.074802641,-0.478735536
-1.766561636,-0.9267448845,-1.203668535,-1.401249332,-1.30485323,-0.5068847189,-0.2130631447,0.6350210835,-0.1385903522,-0.0341635346,-1.177067517,-1.204426306,-1.429327606,-0.9343269938,-1.53223884
-1.098164623,0.267208939,-0.03864360383,-0.4006511577,-0.5225587051,-0.07438844039,0.349390904,1.660853452,0.5164082825,0.3307064571,0.08325263424,-0.6041544587,-0.6169084819,0.2706670302,-0.9003905194
-0.8167792379,0.7698460687,0.4518148847,0.02058606618,-0.1932241305,0.1076861791,1.027220142,1.40439536,0.1591362999,0.3124629575,0.6138290191,-0.3514487743,-0.2748918909,0.7779519232,-0.6343916004
-0.6830388501,1.008745771,0.6849261689,0.2207969964,-0.03669384827,0.1942248961,1.993487354,1.083822745,0.4122039543,0.4948979533,0.8660080421,-0.2313396356,-0.1123339403,1.019060673,-0.5079642859
-0.3097488757,1.675551551,1.335575586,0.7796164693,0.4002062236,0.4357677539,1.431033305,0.09004763787,0.02515930648,0.2759759583,1.569878448,0.1039034277,0.3413902801,1.692032244,-0.1550862229
-1.045168546,0.3618755332,0.05372926711,-0.3213154084,-0.4605318856,-0.04009653655,0.2628595119,0.2182766839,-0.09393135438,0.1847584604,0.1831813032,-0.5565599118,-0.5524931335,0.3662089834,-0.8502923268
-0.8785571735,0.6594924899,0.3441351169,-0.07189622854,-0.2655292723,0.06771184237,0.7532040671,0.05799037636,-0.4333397378,-0.05240703418,0.4973413993,-0.4069301047,-0.3499813592,0.6665779317,-0.6927914498
-0.7198128828,0.943056523,0.6208285381,0.1657458378,-0.07973432259,0.1704297085,2.5847852,0.1221048994,0.5432036812,0.5496284521,0.7966674352,-0.2643655411,-0.1570318173,0.9527640124,-0.5427274736
-1.135304566,0.2008660669,-0.103379022,-0.4562500891,-0.5660274429,-0.09842039601,0.08979672765,2.013483328,0.7813850029,0.2942194579,0.01322207109,-0.6375089801,-0.6620511138,0.2037107017,-0.9354996095
-1.264863893,-0.9949903268,-1.184988387,-1.039842437,-1.047681566,-0.9822360119,-0.3140164355,0.7632501296,0.6206126107,-0.4172770259,-1.099973736,-0.9761925836,-0.9864960152,-1.668394569,-1.304021015
-0.9974924864,-0.7259559033,-0.9040313332,-0.7238491732,-0.8061195901,-0.9822360119,-0.2274850434,-0.1664104542,-0.06118142264,-0.05240703418,-0.7837330472,-0.7841541709,-0.6976222671,-1.540728743,-1.104480561
-0.05057646368,0.2268498178,0.09099928117,0.3952648266,0.04939038202,-0.9822360119,-0.1697974486,-0.3587540233,-0.4035670726,-0.2713290292,0.3362572247,-0.1040356348,0.3254459193,-1.088590585,-0.397792982
-0.3961505945,-0.1208737406,-0.272134124,-0.01315243376,-0.2628253878,-0.9822360119,-0.472657321,0.1862194224,0.05195470517,0.2212454596,-0.07247982849,-0.352242832,-0.04791971271,-1.253597034,-0.655696471
0.6560758292,0.9378973989,0.8335579118,1.230422808,0.6878293448,-0.9822360119,-0.05442225918,0.6350210835,0.4866356173,0.8780114446,1.172069139,0.4035144663,1.088928068,-0.7511747433,0.1295847224
0.1449303457,0.4235726548,0.2964401608,0.6263248173,0.2260248681,-0.9822360119,-0.02557846182,-0.1022959312,0.7069533399,9.470699749,0.5674981365,0.0363863264,0.5366756293,-0.9952390237,-0.251885393
0.5231702027,0.8041651161,0.6938990994,1.073348111,0.5677531331,-0.9822360119,-0.1265317526,0.2503339454,0.6325216768,0.1482714612,1.014871452,0.308055547,0.9453340059,-0.8146351809,0.03039667063
-0.5750807666,-0.3009168359,-0.4601560761,-0.224621303,-0.4244833838,-0.9822360119,0.01768723423,-0.2946395002,-0.5226577335,-0.2895725288,-0.284114279,-0.4807586917,-0.2412396717,-1.3390335,-0.7892328429
0.4346314582,0.7150756717,0.600861534,0.9687084743,0.4877610566,-0.9822360119,-0.3572821315,-0.1664104542,-0.2874536783,-0.07065053377,0.9101498818,0.2444629581,0.8496748655,-0.8569110998,-0.03568018263
1.332792666,1.618823329,1.544660009,2.030201529,1.299222528,-0.9822360119,-0.2707507394,-0.1984677157,-0.45715787,-0.4172770259,1.972474091,0.8895635488,1.820067314,-0.4280526322,0.6346214643
0.7704546259,1.052987617,0.9537485112,1.365601546,0.7911671264,-0.9822360119,0.5224536882,1.179994529,0.718862406,0.5861154513,1.307353722,0.4856665662,1.21250535,-0.6965605882,0.2149461198
-0.411849645,-0.1366704372,-0.2886308729,-0.03170637815,-0.2770090049,-0.9822360119,1.92137786,1.019708222,0.6771806747,0.3671934563,-0.09104830072,-0.3635186104,-0.0648813004,-1.261093095,-0.6674127412
-0.4314490808,-0.156391779,-0.309226193,-0.05486999816,-0.294716502,-0.9822360119,0.08979672765,1.147937268,0.5580900138,0.1300279617,-0.114230058,-0.3775958244,-0.08605694714,-1.270451531,-0.682039886
0.3892894799,0.6694516721,0.5532156442,0.9151209951,0.4467959514,-0.9822360119,-0.2707507394,-0.6152121153,-0.5464758656,-0.4172770259,0.8565204433,0.2118962689,0.800686429,-0.8785612124,-0.06951909977
-0.1006651402,-0.03589007201,0.1144804988,-0.0103724371,-0.3101538015,-0.9822360119,-0.198641246,-0.1984677157,-0.3291354096,-0.1618680317,-0.04902128468,-0.7659830741,-0.04323838939,-0.4342070055,-0.5416013774
-0.6681517059,-0.5567089836,-0.499834806,-0.5991584119,-0.7485620756,-0.9822360119,-0.5303449157,-0.5510975923,-0.6209075287,-0.5814685221,-0.6431562004,-1.025597571,-0.5819988151,-0.8655242686,-0.9399596214
-1.596221873,-1.408458652,-1.504488911,-1.562061732,-1.465537005,-0.9822360119,-0.8187828894,-0.3908112848,-0.6298393282,-0.6544425205,-1.614807203,-1.450172327,-1.46309012,-1.570902526,-1.591436545
-0.3662155539,-0.279602762,-0.172983017,-0.2858897245,-0.5153031488,-0.9822360119,-0.5303449157,-0.2946395002,-0.4809760022,-0.4172770259,-0.3270415625,-0.8874674251,-0.2953466552,-0.6360381757,-0.7280096607
-0.134806,-0.06722333436,0.07752235042,-0.04579470195,-0.3365291138,-0.9822360119,-0.5736106118,-0.6152121153,-0.5643394648,-0.3807900267,-0.08476534999,-0.7816018793,-0.07565104068,-0.4601557117,-0.5655672187
-0.6270891375,-0.5190232242,-0.4553837728,-0.5565546468,-0.7168394397,-0.9822360119,-0.7755171933,1.115880006,0.1829544321,-0.1071375329,-0.6001653931,-1.006812214,-0.5430148318,-0.8343147287,-0.911134952
-0.5650743702,-0.4621082846,-0.3882515745,-0.4922122863,-0.6689303106,-0.9822360119,0.06095293028,-0.6793266383,-0.5702939978,-0.1983550309,-0.5352385019,-0.9784416167,-0.4841392488,-0.7871805033,-0.8676024787
-0.006941464743,0.05012617151,0.2159382103,0.08686895843,-0.2377481495,-0.9822360119,-0.5303449157,0.3144484684,0.1740226325,-0.0341635346,0.04910351927,-0.7231062443,0.04574099854,-0.3629724748,-0.4758102186
0.8553724712,0.8415271186,1.149409909,0.9815480258,0.4284272056,-0.9822360119,-0.2707507394,-0.3908112848,-0.3023400109,-0.2713290292,0.951910473,-0.3286137359,0.8644046486,0.292427863,0.1295078384
-0.6501926783,-0.5402268292,-0.4803938074,-0.5805253301,-0.7346879387,-0.9822360119,-0.3572821315,-0.1664104542,-0.3589080748,-0.1618680317,-0.6243538428,-1.017381652,-0.5649488725,-0.8518745382,-0.9273529323
-0.8390430782,-0.7135469845,-0.6848280584,-0.7764638307,-0.8805831597,-0.9822360119,-0.2563288407,-0.5831548538,-0.4214306717,-0.5084945238,-0.8220723849,-1.10377718,-0.7442396752,-0.9954099848,-1.059920147
1.297426453,1.247228483,1.627941989,1.44019357,0.7699333047,-0.9822360119,0.5945631816,-0.2625822387,-0.2576810131,-0.2713290292,1.414722672,-0.1263823013,1.284081882,0.6284102902,0.4398162381
-0.479301306,-0.3833888283,-0.2954005551,-0.4032199113,-0.6026668547,-0.9822360119,-0.198641246,-0.6793266383,-0.6536574604,-0.3260595279,-0.4454376583,-0.939202043,-0.4027080125,-0.7219888221,-0.8073924062
0.8593010085,0.8451325899,1.153662627,0.9856240124,0.431462173,-0.9822360119,-0.02557846182,0.3144484684,0.1502045004,-0.01592003501,0.9560234887,-0.3268165035,0.8681343235,0.2954137415,0.1322655516
-0.02302976033,0.03536090815,0.1985223157,0.07017682267,-0.2501770638,-0.9822360119,-0.01115656313,0.667078345,0.1531817669,-0.1801115313,0.03225974055,-0.7304663389,0.03046709163,-0.3752003583,-0.4871037109
0.3855381182,0.4103299218,0.6408050339,0.4940794332,0.0654595509,-0.9822360119,0.1474843224,0.8914791756,0.5759536129,0.5678719517,0.4600133769,-0.5435541709,0.4183532857,-0.06466899096,-0.2003015336
-0.7981369509,-0.1989519605,-0.7188942863,-0.7757768185,-0.8657983699,-0.4850999391,-0.4149697263,-0.7754984229,-0.8144298525,-0.6361990209,-1.061729043,-0.6162452185,-0.6793785693,-1.186393721,-0.04784719564
0.2003949019,0.9971701765,0.3160990853,0.2357513866,-0.1042488203,-0.1936195055,-0.8043609907,-0.8716702074,-0.8769524495,-0.6544425205,-0.1819331846,0.1154415455,0.2838669894,-0.5576676446,1.229653432
-0.6410694132,-0.01080377249,-0.5560914074,-0.6166649745,-0.7460077872,-0.4392505114,-0.472657321,0.2182766839,0.5461809477,-0.2165985304,-0.9233384959,-0.5011520064,-0.5278615119,-1.087496068,0.1531017049
-0.7042662549,-0.08650605589,-0.6215958898,-0.6806843522,-0.7942060757,-0.4576982382,-0.5736106118,-0.4228685463,-0.4392942709,-0.2713290292,-0.979020565,-0.5474602863,-0.5888250925,-1.127287991,0.07224899629
-0.406120742,0.2706367303,-0.3125635552,-0.378658338,-0.5668196579,-0.37066688,-0.1265317526,-0.6152121153,-0.5822030639,-0.453764025,-0.7163277058,-0.3289904148,-0.3012154981,-0.9395605206,0.4536900879
0.08205038604,0.8554075528,0.1934332043,0.1158665623,-0.1945065447,-0.2281653347,-0.09768795523,-0.4549258078,-0.4512033369,-0.3260595279,-0.2862052863,0.02872311424,0.1697045529,-0.6321833277,1.07824595
-0.6482484004,-0.01940334341,-0.5635325362,-0.6239373995,-0.75148298,-0.4413461224,-0.6889858012,-0.5831548538,-0.2695900791,-0.7091730192,-0.9296638256,-0.5064124994,-0.5347868068,-1.092016321,0.1439170598
0.3596378902,1.187924295,0.4811568518,0.3970669958,0.01720091177,-0.1471350442,-0.2274850434,-0.3587540233,-0.3976125396,-0.05240703418,-0.04162587123,0.2321288465,0.437482621,-0.4574002181,1.433385559
1.499574036,2.55343192,1.662717912,1.551839936,0.8865951689,0.185622575,0.709938371,-0.1343531927,-0.1177494865,0.6226024504,0.9627598143,1.067431383,1.537135503,0.2603611413,2.891795861
-0.6201850869,0.01421316109,-0.5344444872,-0.595508829,-0.7300799535,-0.4331541886,-0.08326605655,-0.03818140816,-0.1385903522,-0.2895725288,-0.9049375368,-0.4858487538,-0.5077151996,-1.074346241,0.1798206723
0.4687367408,1.318611714,0.5942394609,0.5075858182,0.1004072515,-0.1152881079,-0.08326605655,-0.7434411614,-0.3737944074,0.07529746291,0.05449997253,0.3120724003,0.5427261173,-0.3887060727,1.572964331
-0.2518812902,0.4553972086,-0.15269203,-0.2224113886,-0.4491859693,-0.325642996,-0.5015011184,-0.4228685463,-0.3440217422,-0.08889403335,-0.5804289556,-0.2159695182,-0.1524265872,-0.8424435733,0.6510207949
-0.2652603118,0.4393707355,-0.1665595883,-0.2359645443,-0.4593897377,-0.3295484528,-0.5303449157,-0.6152121153,-0.4958623348,-0.453764025,-0.59221707,-0.2257731643,-0.1653328185,-0.8508676808,0.6339039564
-0.9494395442,-0.3801944324,-0.8757217133,-0.9290486849,-0.9811922069,-0.5292665277,-0.5303449157,-0.5190403308,-0.2904309448,-0.2530855296,-1.195040158,-0.7271140952,-0.825334405,-1.281661474,-0.2414205479
-0.5275108888,0.1252258039,-0.4383862788,-0.5016284335,-0.6594001914,-0.4061017562,-0.6168763078,-0.7113838998,-0.6953391917,-0.5084945238,-0.8232832807,-0.4179405704,-0.4183159385,-1.015993887,0.29838609
-0.5946235416,0.04483284542,-0.5079495588,-0.5696145885,-0.7105849487,-0.4256925435,-0.2995945368,-0.4869830693,-0.1534766848,-0.05240703418,-0.8824155296,-0.4671182102,-0.4830569527,-1.058251402,0.212523575
0.1707000004,0.9615992241,0.2853198707,0.2056699923,-0.1268962089,-0.2022877145,0.5224536882,0.1862194224,0.382431289,0.64084595,-0.2080970483,0.09368223327,0.2552214516,-0.5763650541,1.191662401
-0.7190593194,-0.1042263838,-0.6369291249,-0.6956699552,-0.8054882912,-0.4620164668,0.4215003974,0.731192868,0.650385276,0.3307064571,-0.9920545777,-0.5583000902,-0.603095397,-1.136602451,0.05332306106
2.023096237,3.180549114,2.205356594,2.08217602,1.285869459,0.3384434167,1.200282926,0.2823912069,-0.06415868916,0.421923955,1.424029691,1.451048855,2.042157385,0.5899971549,3.561579143
1.494570499,2.54743828,1.657531671,1.546771276,0.8827791254,0.1841619977,-0.1121098539,-0.3908112848,0.1621135665,-0.1436245321,0.9583512512,1.063764979,1.532308782,0.2572106621,2.885394442
-0.6081607015,-0.634071605,-0.9477465499,-0.2546222454,-0.9037487286,1.706595061,-0.6601420039,0.2503339454,-0.1921811496,-0.1253810325,-0.2398407711,-0.9058795296,-0.4983427238,-1.050422165,0.06475655699
-0.8785932441,-0.8633477638,-1.167230326,-0.5755325487,-1.083879401,1.322476337,-0.7610952947,-0.6472693768,-0.7399981895,-0.5997120217,-0.5716163404,-1.04277926,-0.7589005323,-1.22303628,-0.2625937353
-0.7771329551,-0.7773284368,-1.084884884,-0.4551341241,-1.01629837,1.466589158,-0.7322514973,-0.6472693768,-0.7399981895,-0.5814685221,-0.4471415091,-0.9914175192,-0.6611450245,-1.158275295,-0.1397791697
-0.4217815167,-0.4760569551,-0.7964807044,-0.03345433364,-0.7796046166,1.971325534,-0.6312982065,-0.4869830693,-0.3827262069,-0.5084945238,-0.01118463549,-0.8115297153,-0.318769099,-0.9314583828,0.2903628395
-0.4050477818,-0.4618698812,-0.7828995603,-0.01359715271,-0.7684585508,1.995093904,-0.1121098539,-0.1664104542,-0.2070674822,-0.23484203,0.009344862758,-0.8030586794,-0.3026463896,-0.920777424,0.3106185119
-0.1879900831,-0.2778455959,-0.6067349507,0.2439755907,-0.6238799848,2.303399723,-0.6889858012,1.532624406,0.7694759368,0.03881046374,0.2756384118,-0.6931786324,-0.0935144644,-0.7822318839,0.5733601939
-0.0799901737,-0.1862818952,-0.519081935,0.3721342929,-0.55194302,2.456801333,-0.3428602328,-0.5831548538,-0.5613621982,-0.3260595279,0.4081362654,-0.6385063716,0.01054187236,-0.7132967304,0.7040907693
-0.3098386007,-0.3811503232,-0.705627534,0.09938335947,-0.7050412799,2.130327737,-0.6745639026,-0.2625822387,-0.108817687,-0.1071375329,0.1261506286,-0.7548614058,-0.210913733,-0.8600064516,0.4258663033
0.5062675716,0.3107548984,-0.04327357866,1.067820356,-0.1614463704,3.289513903,-0.02557846182,0.474734776,0.5044992164,0.3854369558,1.127376618,-0.3417280083,0.575392655,-0.3390948642,1.413737776
0.2203515157,0.06835161963,-0.2753238154,0.7285364541,-0.3518903565,2.883402605,-0.2995945368,-0.2625822387,0.2782269608,0.1847584604,0.7766053632,-0.4864658814,0.2999167073,-0.5215919358,1.067645166
0.6287892854,0.4146303701,0.05616537244,1.213211439,-0.07983667031,3.463542088,-0.472657321,-0.6472693768,-0.66258926,-0.3807900267,1.2776903,-0.2797044461,0.6934405383,-0.2608906028,1.56204655
-0.4614039233,-0.5096493368,-0.8286383557,-0.08047248619,-0.8059964505,1.915046403,-0.7610952947,-0.2305249772,-0.1237040196,-0.4720075246,-0.05979471179,-0.8315875706,-0.3569447096,-0.9567489288,0.2424011324
0.5908979548,0.3825056167,0.025412667,1.168247478,-0.105075463,3.409721754,-0.2707507394,-0.5510975923,-0.3857034735,-0.453764025,1.231203965,-0.2988859873,0.6569327942,-0.2850762221,1.516180257
-0.5434694315,-0.01371003604,0.2253124203,-0.08963553975,-0.2310582116,-0.02013116137,-0.2707507394,-0.6793266383,-0.4541806035,-0.3990335263,0.4054377601,-0.8866043483,0.1710993664,0.2488961485,0.2330541958
-0.759457155,-0.2592183625,-0.07361041997,-0.3556716184,-0.444385546,-0.1262765424,0.03210913292,-0.3266967617,-0.3410444757,-0.1436245321,0.07802183973,-0.9944563042,-0.1039821287,-0.0277597427,-0.03832066257
-0.9933264071,-0.5250522152,-0.3972809505,-0.6437327068,-0.6753741566,-0.2412096528,-0.2419069421,-0.6472693768,-0.4541806035,-0.2713290292,-0.2765007005,-1.111237276,-0.4018374997,-0.3273198533,-0.3321625259
-0.7768982518,-0.27904326,-0.09774856123,-0.3771541402,-0.4616118153,-0.1348478252,0.4215003974,-0.7113838998,-0.6983164582,-0.6179555213,0.05158287063,-1.003165394,-0.1261950717,-0.05009981874,-0.06023429306
0.1127738557,0.7322267634,1.133540463,0.7186714692,0.4171019196,0.3023741766,-0.1409536513,0.474734776,0.3407495577,0.1482714612,1.400237355,-0.5589138623,1.006889391,1.089469717,1.057582212
-0.6659094542,-0.1528848214,0.05585779225,-0.240447183,-0.3519901018,-0.08030329825,-0.3140164355,-0.5190403308,-0.4482260704,-0.4720075246,0.2198308558,-0.9477439155,0.01516001966,0.09206430154,0.07921608276
-0.005878454062,0.5973573851,0.9693279562,0.5725252221,0.2999110878,0.2440634799,0.2195938158,-0.6472693768,-0.6060211961,-0.3625465271,1.220372247,-0.6181620616,0.8557740667,0.9374895026,0.9085031193
-0.2244206817,0.348945412,0.6668697316,0.3033427134,0.08406071393,0.136662709,-0.4438135236,-0.3587540233,-0.5524303987,-0.2165985304,0.8890839524,-0.7272895912,0.5774391607,0.65756158,0.6339186888
0.1647448006,0.7913009529,1.205467247,0.7826850444,0.4684327219,0.3279148678,0.1042186263,-0.3587540233,-0.3559308083,-0.2713290292,1.479020142,-0.5329625353,1.073079473,1.15603863,1.122880403
-1.215656348,-0.7777695953,-0.7049812967,-0.9175806116,-0.8949655889,-0.3504718639,-0.4870792197,-0.4869830693,-0.3231808765,-0.3625465271,-0.6135307914,-1.222256174,-0.6849964287,-0.6120994085,-0.6115059772
-0.06718655177,0.5276698666,0.8844787324,0.4970109028,0.2393581413,0.2139341222,0.1907500184,-0.3908112848,-0.4512033369,-0.2165985304,1.127435265,-0.6487758305,0.7776922067,0.8589607504,0.8314733879
-0.2531368309,0.3163044191,0.6271271354,0.2679725007,0.0556982706,0.1225503949,0.3349690053,-0.1343531927,-0.3499762752,0.1482714612,0.8455531245,-0.7416287991,0.5408663355,0.6207794346,0.5978386709
-0.5660195364,-0.03934222673,0.1941035104,-0.1174109215,-0.2533305597,-0.03121322399,-0.4582354223,0.2182766839,0.09363643647,-0.1983550309,0.3712540425,-0.8978645852,0.1423796019,0.2200120098,0.204721421
-0.0006813595723,0.603264804,0.9765206347,0.5789265796,0.305044168,0.2466175491,-0.4149697263,-0.5831548538,-0.2755446122,-0.4720075246,1.228250526,-0.6155669289,0.862393075,0.9441463939,0.9150329385
0.4616779556,1.080200455,0.7840930204,0.6846849772,1.028477166,0.2888139514,-0.2130631447,0.1862194224,0.1085227691,-0.0341635346,-0.6924235302,-0.7321524996,0.595922433,0.02600144185,0.3265688603
1.018981718,1.704530158,1.398833737,1.283898986,1.629094608,0.5278935516,-0.4870792197,-0.7434411614,-0.5494531321,-0.453764025,-0.3407126605,-0.5192229322,1.14481893,0.455748924,0.8068280454
1.421290475,2.155223878,1.842605321,1.716462085,2.062670823,0.7004813269,0.0465310316,-0.6793266383,-0.6209075287,-0.1436245321,-0.0868181562,-0.3655124512,1.541058615,0.7659768223,1.153519542
2.60485445,3.481133002,3.148150007,2.989032202,3.338221456,1.208222384,0.2772814105,0.3465057299,0.09065916995,-0.3260595279,0.660121561,0.08669293829,2.706767809,1.67864541,2.173461462
1.073368135,1.765457532,1.458825337,1.342375359,1.68770794,0.5512249617,-0.3717040302,-0.7113838998,-0.4482260704,-0.3807900267,-0.3063897381,-0.4984434635,1.198384895,0.4976873192,0.8536958
0.3953591846,1.005905643,0.7109392907,0.6133789153,0.9570040962,0.2603636407,-0.5591887131,-0.7113838998,-0.805498053,-0.5084945238,-0.7342768859,-0.7574909741,0.530604121,-0.02513821795,0.269418342
0.69567771,1.342342947,1.042209305,0.9362819343,1.280663394,0.3891982866,1.589674191,-0.4549258078,-0.3827262069,-0.1801115313,-0.5447477695,-0.6427479957,0.8263921591,0.2064430824,0.5282192687
0.9860735404,1.667664171,1.36253397,1.248516054,1.593628805,0.5137761625,1.099329635,-0.6152121153,-0.5822030639,-0.4355205255,-0.3614808029,-0.5317961904,1.112407192,0.4303728049,0.7784692655
0.1372435135,0.7167468558,0.4262216497,0.3358524812,0.6788276608,0.149633738,-0.06884415787,-0.2625822387,-0.2100447487,-0.1253810325,-0.8971720487,-0.8561094688,0.2763822815,-0.2241760984,0.04698592701
2.493067128,3.355901216,3.024841637,2.868838271,3.217746017,1.160266368,0.4503441947,0.09004763787,0.1621135665,-0.05240703418,0.589573291,0.04398225203,2.596666866,1.59244409,2.077128202
0.1361130799,0.715480467,0.4249747112,0.3346370369,0.6776093699,0.1491487895,-0.02557846182,0.8594219141,0.7069533399,0.2942194579,-0.8978854581,-0.8565413747,0.2752689011,-0.2250477972,0.04601177045
0.6424217272,1.282681961,0.9834646435,0.8790210058,1.223268353,0.3663518249,0.0465310316,-0.2946395002,-0.3410444757,-0.3443030275,-0.5783572824,-0.6630955585,0.7739395752,0.1653763859,0.4823256706
0.4512528458,1.068521536,0.7725934758,0.6734758804,1.017241816,0.2843416488,0.1042186263,-0.7113838998,-0.6477029273,-0.2713290292,-0.6990027509,-0.736135631,0.5856545923,0.0179624423,0.317584972
0.214112998,0.8028612975,0.5110134728,0.4185026893,0.761671446,0.1826102345,-0.2274850434,-0.6793266383,-0.7638163217,-0.3443030275,-0.8486602046,-0.8267398733,0.3520921432,-0.1649005837,0.1132285732
-0.4410360728,0.06891860492,-0.2116567051,-0.2859147708,0.05560415298,-0.0984443506,-0.3140164355,-0.7113838998,-0.8174071191,-0.6726860201,-1.262120627,-1.077053289,-0.2931736062,-0.6700984351,-0.4513492743
0.947261987,1.624184821,1.319722412,1.206785802,1.551800815,0.4971262647,-0.1697974486,-0.07023866967,-0.2755446122,-0.1801115313,-0.3859745281,-0.5466249568,1.074181135,0.4004444812,0.7450232235
1.788304582,2.566378124,2.247444711,2.111076314,2.458209288,0.8579279331,1.142595332,0.1541621609,0.02515930648,1.753699425,0.144802119,-0.2252870296,1.902536092,1.048988349,1.469795706
2.039763256,2.848079288,2.524819269,2.381445132,2.729211343,0.9658020281,0.3061252079,-0.4228685463,-0.05820415612,0.421923955,0.3034960927,-0.1292119803,2.150201359,1.242892892,1.686491421
2.363569679,3.210829338,2.881997896,2.729602382,3.07818402,1.104712826,-0.02557846182,0.3144484684,0.4896128838,0.3124629575,0.5078482726,-0.005494958691,2.469122965,1.492586155,1.965533156
1.289131116,1.983839316,1.812452562,1.427265367,1.930295179,0.149725356,-0.1121098539,-0.3908112848,0.0430229056,-0.2530855296,1.11117501,1.340663954,1.221625355,0.08119501961,1.080745175
1.515387709,2.235914709,2.068929827,1.661756058,2.174736672,0.217295838,-0.1409536513,-0.3266967617,-0.2487492135,-0.1253810325,1.330454961,1.531971447,1.433170728,0.22087227,1.278177143
-0.1211718414,0.4126025784,0.2137780669,-0.03436238061,0.4066420758,-0.271455079,0.3349690053,2.013483328,1.091020721,0.4036804554,-0.2556411274,0.1482057864,-0.09697959373,-0.7894414383,-0.1498880752
0.4509781218,1.050042241,0.8623490345,0.5586096879,1.024777394,-0.100585147,1.056063939,0.5067920375,0.5223628155,0.1117844621,0.2988665398,0.6319776547,0.4379691342,-0.4362303677,0.3493711552
0.8205206214,1.461754312,1.281250637,0.941600852,1.424021098,0.009777006021,0.1619062211,-0.7754984229,-0.4363170043,-0.1436245321,0.657014163,0.9444381581,0.7834839518,-0.208096993,0.6718346978
0.2552269187,0.8319532979,0.640451708,0.355734562,0.8132930977,-0.1590453356,0.01768723423,0.5709065605,0.9332255955,1.625994928,0.1091513428,0.4664634865,0.2549456896,-0.5570754196,0.1785582542
0.3317388102,0.9171961844,0.7271831503,0.435030931,0.8959544722,-0.1361954142,0.349390904,-0.1343531927,0.1055455026,0.5496284521,0.1833039833,0.5311568416,0.326482772,-0.5098415668,0.2453226876
0.2434023536,0.8187793972,0.6270477578,0.3434796686,0.800518158,-0.1625766871,-0.7178295986,-0.8075556844,-0.7608390552,-0.6909295196,0.09769138928,0.4564654225,0.2438899587,-0.5643751969,0.1682401145
0.2949733558,0.8762353168,0.6855070027,0.396927481,0.8562340715,-0.1471752466,-0.1842193473,-0.1664104542,-0.463112403,-0.3990335263,0.147672195,0.5000704242,0.2921078104,-0.5325383532,0.2132410767
-0.3759465038,0.1287548369,-0.07502637226,-0.2984089912,0.1313904338,-0.3475423499,-0.515923017,-0.7754984229,-0.6655665265,-0.6361990209,-0.5025597899,-0.06721468433,-0.3351887876,-0.9467240338,-0.3722049677
-0.9292169093,-0.4876508668,-0.7021960748,-0.8718144232,-0.4663479215,-0.5127739896,-0.3284383342,-0.4228685463,-0.4779987356,-0.544981523,-1.038770052,-0.5350232573,-0.8524855083,-1.288279998,-0.8549898574
-1.634517437,-1.273435293,-1.50170228,-1.60278277,-1.228335501,-0.72340872,-0.7755171933,-0.6472693768,-0.6566347269,-0.5814685221,-1.722322574,-1.131378367,-1.511927341,-1.723690241,-1.470436543
3.237203368,4.15421177,4.020725195,3.446233308,4.034939657,0.7315080961,1.993487354,-0.5831548538,0.6087035447,0.6226024504,2.999178278,2.987823988,3.043033798,1.283817986,2.780637015
0.3872844562,0.9790803058,0.7901479247,0.4925980353,0.9559644831,-0.1196069647,0.4359222961,-0.1343531927,0.2752496943,0.5131414529,0.2371368742,0.5781225371,0.3784168358,-0.4755510166,0.2937919321
0.06265543052,0.6174069161,0.422158805,0.1561548696,0.6052440796,-0.2165559171,-0.09768795523,0.3465057299,0.4836583508,0.2394889592,-0.07748218603,0.3036378733,0.07489521467,-0.6759575062,0.01051997901
2.240362724,3.043618734,2.890738403,2.4131149,2.957980034,0.4338062625,0.7243602697,-0.1984677157,0.302045093,0.03881046374,2.033075305,2.14496199,2.11100781,0.6684283608,1.910791826
-0.01482388747,-0.6520712719,-0.6811791654,-0.2929588561,-1.013795793,-0.1641820859,-0.3140164355,-0.6152121153,-0.3589080748,0.00232346457,0.01527704184,0.6368381606,-0.5294695002,-0.7147396151,-1.031573068
0.8389594452,-0.1071402034,-0.06206967921,0.4652501005,-0.6186037093,0.1167263552,-0.2130631447,-0.3587540233,-0.3976125396,-0.01592003501,0.9003710802,1.495652511,0.08614571094,-0.1845577009,-0.6211845038
-0.3263430662,-0.8508997949,-0.9070731028,-0.5696058957,-1.157989183,-0.2666769034,-0.5736106118,-0.3587540233,-0.3172263435,-0.2165985304,-0.3076664468,0.3234833189,-0.7540884845,-0.908186627,-1.181311185
-0.5464527712,-0.9913858083,-1.066682691,-0.7650760383,-1.259871721,-0.3390965346,-0.5303449157,-0.5831548538,-0.6119757291,-0.3807900267,-0.5358482116,0.102076592,-0.912797231,-1.044870233,-1.287111453
0.6309658708,-0.2398930418,-0.2128934187,0.2805397823,-0.7148780342,0.04829312573,-0.3572821315,-0.6472693768,-0.3708171409,-0.453764025,0.6847497794,1.28643331,-0.06382677427,-0.3137174388,-0.7211609043
1.265851112,0.1653253308,0.2474850639,0.8443545788,-0.4210076675,0.2571805758,-0.15537555,-0.4869830693,-0.2219538148,-0.4172770259,1.342918099,1.925059686,0.3939533165,0.08053325617,-0.4159902217
-0.2972643529,-0.8323401748,-0.8859870654,-0.5437823172,-1.144529471,-0.2571095393,-0.9630018762,-0.7754984229,-0.5613621982,-0.3625465271,-0.2775213329,0.3527333819,-0.7331214575,-0.8901293432,-1.167333902
1.635393093,0.4011871698,0.5154534555,1.172529222,-0.2499571679,0.3787658282,-0.5447668144,-0.3587540233,-0.2100447487,-0.3260595279,1.726012255,2.296779236,0.6604092854,0.310011237,-0.2383622481
0.03094816127,-0.6228570551,-0.6479881806,-0.2523106307,-0.9926092098,-0.1491223461,-0.6457201052,-0.7754984229,-0.7608390552,-0.3807900267,0.06272768407,0.6828799265,-0.4964658465,-0.6863161129,-1.009571789
1.999550128,0.6336120422,0.7795170254,1.495921721,-0.08139920734,0.4985793465,-0.09768795523,-0.3908112848,-0.2070674822,-0.01592003501,2.103523982,2.663082109,0.9229824715,0.5361452764,-0.06332266024
-0.03784453551,-0.6667643045,-0.6978722783,-0.3134025223,-1.024451398,-0.1717562491,-0.2274850434,-0.1984677157,0.6980215403,0.1300279617,-0.008587839984,0.6136818607,-0.5460683966,-0.7290349647,-1.042638417
-0.1602174541,-0.7448693725,-0.7866093523,-0.4220767484,-1.08109435,-0.2120189065,-0.5303449157,-0.7434411614,-0.5047941343,-0.4355205255,-0.1354485276,0.4905878456,-0.6343046355,-0.8050260338,-1.101459484
0.6315043655,-0.2395493451,-0.2125029366,0.2810179968,-0.7146287803,0.04847029914,1.315658116,3.936919019,5.589670435,1.698968926,0.6853080223,1.286974978,-0.06343849599,-0.3133830446,-0.7209020657
2.981360574,1.260256994,1.491463648,2.367826155,0.3730529945,0.8216107658,0.08979672765,-0.4228685463,0.2663178947,-0.1071375329,3.121340258,3.650677986,1.630910843,1.145829398,0.4086047757
0.5408743798,-0.5014422369,-0.2437007524,-0.2560629005,-0.66025111,-0.1505125226,-0.2995945368,-0.1343531927,-0.0552268896,-0.3625465271,0.2084511449,-0.2256884274,0.1803966263,0.8060896761,-0.4040563723
-0.3517551496,-1.011293492,-0.9011085856,-0.914790941,-1.101689344,-0.3945643309,0.03210913292,0.2503339454,0.1204318352,0.7138199484,-0.6045587737,-0.7064687124,-0.5539517527,-0.09321470905,-0.938871582
-0.7122453998,-1.217197958,-1.166604076,-1.180819599,-1.279965073,-0.4931251499,-0.6457201052,-0.6472693768,-0.5107486674,-0.5632250225,-0.9328944822,-0.9006328079,-0.8505198386,-0.4564006133,-1.154857792
0.7456797794,-0.3844616905,-0.09286474538,-0.1049239845,-0.5589672841,-0.09451714433,-0.472657321,-0.5831548538,-0.463112403,-0.3990335263,0.394988578,-0.1153779401,0.3488859135,1.012426558,-0.2813480828
1.083656445,-0.1914165117,0.1560498378,0.1444904692,-0.3918253541,-0.002111713375,2.281925328,2.846972128,6.411395995,2.155056416,0.7028188392,0.06666008585,0.6269325254,1.352930527,-0.07885079232
0.07081801652,-0.7699285675,-0.5898899889,-0.6029473547,-0.8927113235,-0.2790295632,-0.5880325105,-0.5510975923,0.3109768925,-0.3990335263,-0.2196777407,-0.4788660614,-0.2063092994,0.3325183513,-0.6856886556
0.42544109,-0.5673753097,-0.3287155837,-0.3412484588,-0.7173371305,-0.1820728756,-0.6745639026,-0.4228685463,-0.04927235656,-0.1618680317,0.1033141239,-0.2878620931,0.08543197808,0.6897932057,-0.47321774
0.1344018381,-0.733610823,-0.5430614884,-0.5560248132,-0.861266778,-0.2616452552,-0.3572821315,-0.5190403308,-0.3708171409,-0.5814685221,-0.1617653864,-0.4446191013,-0.1540001669,0.3965776365,-0.6475926777
-0.2056215167,-0.9278250279,-0.7934834267,-0.8069496492,-1.029420871,-0.3546102669,-0.7178295986,-0.6472693768,0.5074764829,-0.5814685221,-0.4714597791,-0.6277594973,-0.4337305491,0.05401167379,-0.8513162335
0.2254112994,-0.6816281285,-0.4760344287,-0.4888631496,-0.8162592417,-0.2367625655,-0.4149697263,-0.7434411614,-0.394635273,-0.5632250225,-0.07887366894,-0.3956003838,-0.07912851163,0.4882676433,-0.5930647436
3.13034598,0.9776096014,1.663405004,1.654872708,0.62033813,0.5574690151,0.3782347013,-0.6152121153,-0.2219538148,-0.1436245321,2.566950417,1.169030045,2.310702884,3.414924684,1.147414592
1.920616019,0.2866372335,0.7724576104,0.7621361128,0.02208203334,0.2267194992,-0.05442225918,-0.5190403308,0.4092266877,-0.01592003501,1.465124379,0.5174559079,1.315482351,2.196148671,0.4226099989
0.5459228807,-0.4985586391,-0.2399826096,-0.252337291,-0.6577544401,-0.1491322234,-0.3572821315,-0.2625822387,0.03111383952,0.3124629575,0.2130493361,-0.2229692482,0.1845499265,0.8111759284,-0.4010315843
1.027713597,-0.2233698921,0.1148487965,0.103206688,-0.419491156,-0.01740691995,0.1474843224,-0.3266967617,0.7367260051,-0.3443030275,0.6518659094,0.03652864029,0.5809094689,1.296569353,-0.1123687128
2.963745452,0.8824508758,1.540706294,1.531927594,0.5379480224,0.5119191438,-0.3140164355,-0.1984677157,-0.3053172774,-0.1983550309,2.415210106,1.079297131,2.173643977,3.24707836,1.04759659
0.9618101943,-0.261012533,0.06631196018,0.05457237994,-0.4520828201,-0.03542541941,-0.4438135236,-0.6793266383,-0.0135451583,0.1847584604,0.5918408726,0.0010323276,0.5266920634,1.230173141,-0.1518544582
0.6079022719,1.482517295,1.180230737,1.153243737,0.6421955732,-0.9822360119,3.103973552,1.372338098,1.308361177,1.571264429,0.3629032342,0.9523033407,1.095873279,0.879301321,1.052445839
0.519071107,1.376188095,1.07553463,1.048836934,0.5619996016,-0.9822360119,-0.2563288407,-0.3266967617,-0.4422715374,-0.5084945238,0.2793268631,0.8718324555,0.9982126886,0.7896435412,0.9587560869
-0.2810874776,0.4184136185,0.1324704674,0.1083787082,-0.1603763264,-0.9822360119,-0.3140164355,0.02593311485,-0.4244079382,-0.05240703418,-0.4734984649,0.1469802065,0.1185218747,-0.01796088785,0.1148331279
0.06890924953,0.8373529868,0.5449754094,0.5197437891,0.155597551,-0.9822360119,0.3782347013,-0.3266967617,-0.32020361,-0.23484203,-0.1442057397,0.4640372495,0.5033067307,0.3352927202,0.4839727951
-0.4227136097,0.2488898552,-0.03444960595,-0.05808012062,-0.2882351166,-0.9822360119,-0.3428602328,-0.3266967617,-0.314249077,-0.5997120217,-0.6067467251,0.01868311349,-0.03718126931,-0.1609049163,-0.03453919242
-0.4020799803,0.2735879138,-0.01013088117,-0.03382859495,-0.2696072628,-0.9822360119,-0.2419069421,-0.6793266383,-0.6983164582,-0.5632250225,-0.5873336749,0.03737482402,-0.01449674833,-0.1400792815,-0.01277701442
-0.9174363569,-0.3432837828,-0.6175281387,-0.6395474521,-0.734866335,-0.9822360119,-0.6024544091,-0.7754984229,-0.66258926,-0.5814685221,-1.072204225,-0.4294791669,-0.5810772725,-0.6602312867,-0.5563206151
-0.6936631934,-0.07543159875,-0.3537898558,-0.3765379483,-0.5328459484,-0.9822360119,-0.2419069421,-0.5831548538,-0.531589533,-0.5267380234,-0.8616683283,-0.2267662498,-0.3350620449,-0.4343758108,-0.3203082622
-1.010142382,-0.4542511161,-0.7267911416,-0.7485085322,-0.8185604952,-0.9822360119,-0.2995945368,-0.3266967617,-0.4988396013,-0.544981523,-1.15942624,-0.5134602325,-0.6829978668,-0.7537999838,-0.6540971613
-1.290875987,-0.7902838561,-1.057662805,-1.07846591,-1.072004253,-0.9822360119,-0.8332047881,-0.5831548538,-0.7191573239,-0.6544425205,-1.423553092,-0.7677728012,-0.9916351523,-1.037145945,-0.9501853859
-0.4632058964,0.2004213648,-0.08217367618,-0.1056723165,-0.3247911866,-0.9822360119,-0.3284383342,-0.4228685463,-0.5524303987,-0.5084945238,-0.6448436969,-0.01799827151,-0.0816983105,-0.2017740024,-0.07724618962
-0.445090926,0.2221046368,-0.06082343424,-0.084381071,-0.3084371553,-0.9822360119,-0.2130631447,-0.5510975923,-0.463112403,-0.4172770259,-0.6278003148,-0.001588178223,-0.06178279207,-0.1834904639,-0.05814042771
-0.51706645,0.1359513153,-0.1456535399,-0.1689767685,-0.3734160069,-0.9822360119,1.474299001,-0.6472693768,-0.3797489404,-0.08889403335,-0.6955181379,-0.06678977883,-0.1409123653,-0.2561357534,-0.1340526261
2.100207719,3.268778288,2.939056818,2.907209713,1.989435424,-0.9822360119,0.6955164724,-0.1343531927,-0.3410444757,-0.08889403335,1.766931585,2.304161561,2.736507297,2.385493358,2.626372375
-0.05837990062,0.6849903159,0.3949528537,0.3701357857,0.04068205838,-0.9822360119,0.5224536882,-0.8396129459,-0.7012937247,-0.4902510242,-0.26396512,0.348727824,0.3633656012,0.2068190858,0.3497216125
0.4419613935,1.283889247,0.9846533866,0.9582068189,0.4923856502,-0.9822360119,0.07537482897,-0.5190403308,-0.5732712643,-0.3260595279,0.2067785627,0.8019798659,0.9134386101,0.7118162863,0.8774288865
1.62989659,2.705824889,2.384749734,2.354434327,1.564842794,-0.9822360119,4.070240764,-0.5190403308,-0.4333397378,-0.3443030275,1.324441637,1.878113417,2.219449318,1.910805767,2.130337754
0.8703271637,1.796634856,1.489523814,1.461682155,0.8791103903,-0.9822360119,1.330080014,1.949368805,0.4925901503,1.06044644,0.6098044223,1.190030307,1.384382046,1.144168197,1.329223962
1.978516189,1.272238005,2.025407117,1.641052114,2.564374861,0.04082041635,1.012798243,0.1541621609,-0.2695900791,-0.05240703418,0.4477743122,-0.4743168965,2.144046717,0.2238643132,1.13619378
0.01846650252,-0.2640708977,0.05230324787,-0.1712586233,0.4952317651,-0.406807624,-0.08326605655,0.1541621609,0.06386377125,0.4948979533,-0.8692401658,-1.082436474,0.1898646987,-0.862365885,-0.3352045632
-0.2140045068,-0.4462842791,-0.1817160483,-0.3862071062,0.24982177,-0.4598983916,-0.4582354223,-0.6793266383,-0.6536574604,-0.6179555213,-1.025444209,-1.154562284,-0.04191037794,-0.9911978387,-0.5097192504
0.9130505643,0.4371141121,0.9528453547,0.655896072,1.439607027,-0.2025062161,1.690627482,0.9235364371,0.6384762099,1.06044644,-0.2681430766,-0.8048853049,1.081770705,-0.366600788,0.3363546914
1.267640407,0.7150456036,1.309796812,0.9837586689,1.813932806,-0.1215264543,-0.06884415787,-0.1984677157,-0.38868074,-0.3078160284,-0.02988383216,-0.694871244,1.435299036,-0.1700924044,0.6025433045
-0.4744610822,-0.6504330608,-0.443907298,-0.6270317402,-0.02513142563,-0.519380387,-0.3861259289,-0.5831548538,-0.7578617886,-0.6179555213,-1.200452568,-1.235370819,-0.3015872422,-1.135538974,-0.7052425456
-0.1366201763,-0.3856295739,-0.1038163282,-0.3146556276,0.3315131957,-0.4422256783,0.5224536882,0.3144484684,-0.3082945439,-0.1618680317,-0.9734474228,-1.130553236,0.03524229234,-0.948312601,-0.451627266
-0.1947114271,-0.4311621472,-0.1622944742,-0.3683682444,0.2701886734,-0.4554923179,-0.2274850434,0.410620253,-0.3112718104,-0.4355205255,-1.012480626,-1.148576467,-0.02267505467,-0.9805059027,-0.4952360433
0.1918922076,-0.1281378871,0.2268839905,-0.01090489878,0.6783100834,-0.3672013788,-0.06884415787,3.488117358,1.105907054,0.20300196,-0.7527103829,-1.028629896,0.362771231,-0.7662559551,-0.2050148558
0.2713966567,-0.06582140919,0.3069179495,0.06260689426,0.7622396303,-0.3490444816,-0.4438135236,-0.03818140816,-0.4154761387,-0.08889403335,-0.6992890276,-1.003963066,0.442037673,-0.7221957794,-0.1453313103
1.122836304,0.6015465252,1.164028295,0.8498691899,1.661069125,-0.1545962165,0.0465310316,0.602963822,1.984200678,0.09354096249,-0.1271819272,-0.7397977634,1.290928423,-0.2503406711,0.4938396736
-0.9152337482,-0.9959156145,-0.8876155668,-1.034581121,-0.4904368336,-0.6200422254,-0.8620485854,-0.4549258078,-0.6179302621,0.02056696415,-1.496620562,-1.372123723,-0.741040397,-1.379808588,-1.036128122
-0.8076377271,-0.9115806477,-0.7793029423,-0.9350951609,-0.3768521802,-0.5954698911,-0.5880325105,-0.8716702074,-0.7340436565,-0.544981523,-1.424323661,-1.33874128,-0.6337664787,-1.320180484,-0.9553563905
1.557566632,0.9422930265,1.601653982,1.251831674,2.119995887,-0.05531430233,1.301236217,0.410620253,0.1382954343,0.421923955,0.1649260433,-0.604919538,1.724357328,-0.009419630402,0.8201893007
0.4686736965,0.08880654472,0.5055088798,0.2450141567,0.9704968127,-0.3039911672,-0.6168763078,0.1862194224,-0.02545422439,-0.3443030275,-0.5667328382,-0.9427564389,0.6387241379,-0.6128677967,0.00276346077
2.298654104,1.523165689,2.347677192,1.937059601,2.90233117,0.1139321893,0.1042186263,0.2503339454,0.0698183043,0.3489499567,0.6628843027,-0.3749917952,2.463226257,0.401279954,1.376519523
0.01867851439,-0.2639047204,0.05251667176,-0.1710625919,0.4954555773,-0.4067592056,-0.3861259289,0.2503339454,-0.07309048873,-0.6361990209,-0.8690977089,-1.082370696,0.1900760758,-0.8622483912,-0.3350454071
0.05673464404,-0.2340758996,0.09082626014,-0.1358749469,0.5356298537,-0.3980681042,-0.6745639026,-0.7434411614,-0.6864073921,-0.6179555213,-0.8435266868,-1.070563506,0.2280182794,-0.8411582537,-0.3064768833
3.240092788,2.261075877,3.295385979,2.807537246,3.896168911,0.328934062,0.003265335551,0.9876509601,0.3586131569,0.20300196,1.295464377,-0.08290364131,3.40184662,0.9230111811,2.083252281
2.197736457,1.444065307,2.24608742,1.843748632,2.795796599,0.09088503439,0.5080317895,-0.2946395002,-0.3797489404,0.2942194579,0.5950747958,-0.4063022245,2.36261072,0.3453529043,1.300761209
0.7320755173,1.18310542,1.062762244,0.5241519951,1.231435991,1.431762233,0.8108916618,-0.3266967617,0.1502045004,-0.0341635346,1.252766945,1.881882283,2.275287961,1.646541961,2.622504649
-0.5692815371,-0.1942603453,-0.3648282953,-0.693439745,-0.1354607183,0.4601516163,-0.1697974486,-0.6793266383,-0.6209075287,-0.3990335263,-0.2827479088,0.3741299047,0.4248250782,0.07471193376,0.6707491554
-0.2126922623,0.183156335,0.02635064637,-0.359803289,0.2390873004,0.7263859476,0.4791879921,1.340280837,1.463179036,0.2394889592,0.1380037414,0.7872742645,0.9318767094,0.5054144283,1.20555632
-0.2229988199,0.1722477995,0.01504433802,-0.3694464376,0.2282616783,0.7186909336,-0.02557846182,0.5067920375,0.1561590334,-0.08889403335,0.1258426882,0.7753330861,0.917221314,0.4929657643,1.190098702
0.4204122628,0.853238766,0.720867211,0.2325497764,0.9040765816,1.19907027,0.1042186263,0.410620253,0.444953886,-0.1071375329,0.8850250134,1.520789214,1.832118822,1.270102874,2.155076846
-0.3900179071,-0.004526416331,-0.1681758382,-0.5257148962,0.05283108456,0.5939922448,-0.4870792197,0.3465057299,-0.09393135438,-0.3260595279,-0.07122873683,0.5818247595,0.6797287515,0.2912335682,0.9396060178
0.001895552209,0.4102776376,0.2617537842,-0.1590279909,0.4644823037,0.8866000857,0.4503441947,-0.3908112848,-0.4720442026,-0.3443030275,0.3912031039,1.035895722,1.237009559,0.7646019966,1.527391856
0.3670295798,0.7967381464,0.6623063319,0.1826032121,0.8480054108,1.159214044,0.1474843224,-0.4869830693,-0.4809760022,-0.3260595279,0.8220369947,1.458940033,1.75621139,1.205625178,2.075014311
-0.5721004247,-0.1972438763,-0.3679206189,-0.6960771873,-0.1384215722,0.4580469971,-0.5880325105,-0.7434411614,-0.600066663,-0.544981523,-0.2860740088,0.3708639413,0.4208167649,0.07130717096,0.6665214308
-0.437762815,-0.05505997381,-0.22055207,-0.5703865758,0.002681621587,0.5583452568,-0.2995945368,-0.1022959312,-0.4005898061,-0.1801115313,-0.1275645556,0.5265075058,0.6118379451,0.2335653983,0.8679989321
-0.3457966087,0.04227772731,-0.1196650109,-0.4843400195,0.09927948016,0.6270084588,1.243548622,-0.1664104542,-0.1802720835,-0.1436245321,-0.01905054306,0.633059559,0.7426091662,0.3446457847,1.005928448
-1.174373367,-0.8346939363,-1.028614894,-1.259583227,-0.7710265138,0.008381946968,-0.4149697263,-0.2625822387,-0.4690669361,-0.5997120217,-0.9967160621,-0.326929534,-0.4355844215,-0.6561416816,-0.2367583573
0.5296441552,0.9688505949,0.8406947524,0.3347506671,1.01880967,1.280624265,-0.7322514973,0.7953073911,-0.2070674822,-0.6544425205,1.013911388,1.647345292,1.987440962,1.402037433,2.318901175
0.4082558102,0.8403722883,0.7075315652,0.2211758063,0.8913078991,1.1899941,-0.1842193473,0.4426775145,0.650385276,0.09354096249,0.8706812072,1.506704747,1.814832971,1.255419834,2.136844783
2.417506,2.966977293,2.911681881,2.101095254,3.001749045,2.690127218,0.1474843224,0.2823912069,-0.08797682134,-0.3625465271,3.241462923,3.834622164,4.671883529,3.682270921,5.150287622
-0.4850393575,-0.2214927322,0.6524859495,-0.031558881,-0.4485114489,-0.9822360119,0.2917033092,1.147937268,1.865110017,0.2577324588,1.719268761,0.5904230776,-0.2182169193,-0.5959085246,-0.1475276385
1.137461334,1.402104709,3.176687298,1.955725046,0.9325658362,-0.9822360119,0.3061252079,0.05799037636,0.1531817669,-0.3260595279,5.164846798,2.565768692,1.475006469,0.7422436441,1.525687504
-0.7929426015,-0.5296041073,0.1734662562,-0.4086873292,-0.7105995815,-0.9822360119,-0.3140164355,-0.1664104542,-0.5077714008,-0.3990335263,1.065398682,0.2155601725,-0.5395412656,-0.8498507237,-0.4650550041
-0.1179426893,0.1458520797,1.223595663,0.4180713179,-0.1360377023,-0.9822360119,-0.4293916249,-0.1984677157,-0.1504994183,-0.3990335263,2.498843293,1.03735219,0.1648810158,-0.2931467412,0.2310433583
-1.03954127,-0.7763694676,-0.2101789993,-0.7107282303,-0.9205050822,-0.9822360119,-0.5447668144,-0.2946395002,-0.4303624713,-0.6726860201,0.5417163432,-0.08466626293,-0.79688885,-1.053232174,-0.7193615994
0.444191846,0.7083665971,2.098135045,1.106589315,0.3424528415,-0.9822360119,0.7820478645,1.596738929,0.8319985338,0.2759759583,3.692604516,1.721734018,0.7515182652,0.1704718887,0.8107485145
-0.6891714132,-0.4257627736,0.3349080199,-0.2815854946,-0.6222692457,-0.9822360119,-0.02557846182,-0.8075556844,-0.7667935882,-0.3443030275,1.285769452,0.3418984617,-0.4312468261,-0.7642657737,-0.3580402432
-1.570658126,-1.307845339,-1.036462706,-1.361254913,-1.372593288,-0.9822360119,-0.7178295986,-0.3908112848,-0.5077714008,-0.6361990209,-0.586175056,-0.7312850031,-1.3511564,-1.491269074,-1.267079558
-0.7248173848,-0.4614328405,0.2794518898,-0.3252456709,-0.6526111998,-0.9822360119,0.1330624237,-0.4869830693,-0.5792257974,0.02056696415,1.210070886,0.2985005674,-0.4684465593,-0.7936646728,-0.3948003998
-0.8289133655,-0.5655991862,0.117504831,-0.4527453203,-0.7412179999,-0.9822360119,-0.01115656313,0.2503339454,-0.3797489404,-0.23484203,0.9890103792,0.1717668531,-0.5770799485,-0.8795174944,-0.5021501051
0.9178554315,1.52081775,0.9771575148,0.1055721979,0.0584824683,-0.9822360119,0.709938371,0.8273646526,3.773537857,2.155056416,1.916780448,0.6904582673,2.060111282,1.607519999,0.01780923557
-0.3971083714,0.07479057151,-0.3540543109,-0.8969129277,-0.7965391256,-0.9822360119,-0.2995945368,0.2503339454,0.3854085556,-0.1071375329,0.194138385,-0.2920543357,0.3746567715,0.1205642787,-0.8454269578
1.171658433,1.799917477,1.23409657,0.2990632531,0.2235113812,-0.9822360119,0.07537482897,0.2503339454,0.09661370299,0.421923955,2.24927,0.8800943981,2.385423213,1.894519401,0.1844236598
-0.7233842581,-0.2840054643,-0.6843617442,-1.145654925,-1.008691679,-0.9822360119,-0.2130631447,-0.2305249772,0.1204318352,-0.3260595279,-0.2332928226,-0.5358406437,-0.04354726093,-0.2483871669,-1.059617762
-0.2663613706,0.2185692187,-0.2216917673,-0.7972357174,-0.7115242311,-0.9822360119,0.01768723423,0.02593311485,0.2186816304,-0.3807900267,0.3654208816,-0.1943629956,0.5422417056,0.2684124554,-0.7595952847
-0.574790193,-0.1206009233,-0.5339316137,-1.032371701,-0.9120721874,-0.9822360119,-0.4293916249,0.1541621609,-0.4452488039,-0.4172770259,-0.03863013603,-0.424814362,0.1469131431,-0.08035760256,-0.9620700007
-0.6833516168,-0.2399827412,-0.6438344496,-1.115135357,-0.9826614777,-0.9822360119,-0.7034076999,-0.2625822387,-0.5196804669,-0.1618680317,-0.1808488606,-0.5059291173,0.007764566563,-0.203118419,-1.033337476
-1.530742058,-1.171833189,-1.50169546,-1.76115794,-1.533655447,-0.9822360119,-0.8187828894,-0.8396129459,-0.7548845221,-0.6909295196,-1.290955781,-1.139080985,-1.07837791,-1.161344083,-1.589625107
-1.247752697,-0.8606380778,-1.215209411,-1.545416165,-1.34964885,-0.9822360119,-0.8764704841,-0.4869830693,-0.7519072556,-0.6909295196,-0.9202312216,-0.9276374361,-0.7156563708,-0.8413408653,-1.403850671
-0.6108787317,-0.1602864323,-0.5704660714,-1.059884415,-0.935537837,-0.9822360119,-0.4870792197,-0.4869830693,-0.45715787,-0.3990335263,-0.08590720523,-0.4517789401,0.1006566681,-0.1211663753,-0.985761096
-0.4666231795,-0.001652826864,-0.4244280614,-0.9499087295,-0.8417393523,-0.9822360119,-0.6601420039,-0.6793266383,-0.7102255243,-0.6726860201,0.1030718993,-0.3439943016,0.2855561844,0.04195721638,-0.8910614446
-0.9217726182,-0.5021673331,-0.8852014408,-1.296899682,-1.137688638,-0.9822360119,-0.6601420039,-0.3908112848,-0.4452488039,-0.4172770259,-0.4931875309,-0.6840721492,-0.2978314898,-0.4727239178,-1.189854056
-0.4482831025,0.01851521867,-0.4058613698,-0.9359268584,-0.8298141861,-0.9822360119,-0.7322514973,0.1221048994,-0.1504994183,-0.3807900267,0.1270979508,-0.3302909915,0.3090635733,0.0626961009,-0.8790217077
0.257218248,0.7943343894,0.3083573324,-0.3980758481,-0.3710799701,-0.9822360119,-0.01115656313,0.9555936986,-0.05224962308,-0.3260595279,1.051325902,0.196844407,1.213339745,0.8604741588,-0.4158802137
-0.1047517671,0.3962865661,-0.05808527496,-0.6740298745,-0.6064417181,-0.9822360119,-0.4582354223,0.09004763787,-0.07309048873,-0.3078160284,0.5771343145,-0.07361178415,0.7493847728,0.4511599379,-0.653503194
0.2362159017,0.7712387244,0.2870954759,-0.4140873457,-0.3847362089,-0.9822360119,0.7964697631,2.622571297,2.61538118,2.009108419,1.023812198,0.1811519067,1.186419993,0.836724791,-0.4296676544
-0.4057853971,0.06524870051,-0.3628385521,-0.9035280065,-0.8021811397,-0.9822360119,-0.3861259289,-0.3908112848,-0.5702939978,-0.4902510242,0.1827712208,-0.2985376223,0.3635349961,0.1107523333,-0.8511231774
0.7264678534,1.310354436,0.7834051038,-0.04033539277,-0.06596241126,-0.9822360119,0.1763281198,-0.2625822387,0.4270902869,0.1665149608,1.666056974,0.5474575952,1.814800304,1.391099704,-0.1078312452
-1.53300758,-1.016520135,-1.245021161,-1.014452625,-1.486702784,-0.01842687956,-0.4438135236,-0.3266967617,-0.4839532687,-0.453764025,-1.126055002,-0.8881406466,-1.014693342,-1.046002768,-1.170649671
0.8699961831,2.017659727,1.830427143,2.675111311,0.1959806503,2.373726204,0.01768723423,0.05799037636,-0.1237040196,0.00232346457,2.438598454,1.534361729,2.230627049,1.963937163,1.45043284
-0.4541774129,0.3456769691,0.1357034384,0.6419796032,-0.7312609166,1.055531868,0.5657193842,0.02593311485,-0.2755446122,0.2577324588,0.4742985821,0.199443436,0.4422954458,0.305311803,0.006087098018
-0.6713620265,0.07144636197,-0.14225703,0.3085150744,-0.8833426391,0.8393279439,-0.5015011184,-0.3587540233,-0.531589533,-0.3443030275,0.1521235214,-0.01950347137,0.1489818581,0.03327201229,-0.2308075756
-0.3929656815,0.4229666536,0.2140443542,0.7359638907,-0.6883979099,1.1164672,-0.08326605655,-0.4228685463,-0.4988396013,-0.4355205255,0.5651010241,0.2611518556,0.5249635145,0.3819840236,0.07285395084
-0.803786479,-0.09576086972,-0.3117384782,0.1051910133,-0.9760717625,0.7075014494,-0.4870792197,-0.006124146656,-0.04927235656,-0.01592003501,-0.04431698755,-0.1530024511,-0.02986088142,-0.1325994081,-0.3752498864
-0.6868245496,0.0519224324,-0.1620465081,0.2847739682,-0.8941701425,0.8239352413,-0.2995945368,-0.5510975923,-0.5405213326,-0.453764025,0.1291861722,-0.03509146151,0.12809931,0.01390405854,-0.2476733623
-1.450091573,-0.9118253021,-1.138902354,-0.8871436655,-1.428641539,0.06411472306,-0.746673396,-0.6472693768,-0.674498326,-0.3990335263,-1.003056097,-0.8045518371,-0.9027130734,-0.9421443373,-1.080208824
-1.461227427,-0.9258861137,-1.153154409,-0.9042416181,-1.436439328,0.05302915282,-0.6168763078,-0.7113838998,-0.7667935882,-0.7274165188,-1.019575197,-0.8157780502,-0.9177523396,-0.9560928178,-1.092355285
0.3134872092,1.314977381,1.118187484,1.820649295,-0.1937101384,1.819730127,1.806002671,-0.1664104542,-0.11477222,0.4948979533,1.613064318,0.9733370931,1.479046903,1.266868516,0.8434192511
-0.6354719499,0.1167633728,-0.09632365409,0.3636205779,-0.8582109109,0.8750559601,-0.3284383342,-0.4869830693,-0.5554076652,-0.3443030275,0.2053634236,0.01667782684,0.1974523595,0.07822698751,-0.1916603826
-1.043881161,-0.3989191339,-0.6190200541,-0.2634495582,-1.14419607,0.4684909063,-0.2995945368,-0.07023866967,-0.326158143,-0.2895725288,-0.4004772033,-0.3950453255,-0.3541151252,-0.4333357542,-0.6371337761
-0.0192407537,0.8948546577,0.6923505945,1.309779894,-0.426700132,1.488504586,-0.2995945368,-0.5190403308,-0.0969086209,-0.1983550309,1.119490441,0.637909287,1.029688953,0.8501021351,0.4804953732
-0.1854274126,0.6850171945,0.479659093,1.054617454,-0.5430709601,1.323068337,1.243548622,0.05799037636,0.1353181678,-0.3990335263,0.8729665459,0.4703741453,0.8052494576,0.6419410542,0.2992268493
-0.511629907,0.273133928,0.06217372597,0.553767236,-0.7714915486,0.9983387985,-0.3428602328,0.3144484684,-0.001636092216,0.2942194579,0.3890726516,0.141524757,0.3647043269,0.2333483051,-0.05657935712
-0.463577177,-0.3073312374,-0.5469054645,-0.2825739574,0.2924324947,0.4560914761,-0.198641246,0.09004763787,-0.1415676187,-0.3990335263,-0.09864753348,0.7555450584,-0.6461216627,-0.3843022788,-0.9133824429
-1.239738761,-1.043139255,-1.284829111,-1.127608867,-0.6435180704,-0.0917924746,-0.3428602328,-0.6793266383,-0.7608390552,-0.5632250225,-1.037084077,-0.2423528722,-1.284587095,-1.098300953,-1.413646219
-0.1192731908,0.01907197385,-0.2195637635,0.09228212149,0.707618607,0.6991318843,0.07537482897,-0.1664104542,-0.1624084844,-0.05240703418,0.3176413547,1.198210919,-0.3628994599,-0.06757365586,-0.6914662649
-1.095287123,-0.9061978296,-1.147493946,-0.9703391962,-0.4693280627,0.01017435265,-0.4438135236,0.1541621609,0.2573860951,-0.23484203,-0.8624314033,-0.0566338239,-1.165762124,-0.9654184706,-1.320541995
-1.235168006,-1.038806138,-1.280483536,-1.122632522,-0.6380063299,-0.08856602835,-0.5447668144,-0.3266967617,-0.3410444757,0.00232346457,-1.031557697,-0.2364763284,-1.280827222,-1.09409627,-1.410700204
-0.3783089433,-0.2264962009,-0.4658380073,-0.189739378,0.3952549652,0.5162813872,0.0465310316,0.1221048994,-0.2814991452,-0.05240703418,0.004448043762,0.8651729963,-0.5759805724,-0.3058631921,-0.8584240303
-1.018529951,-0.8334313549,-1.07451825,-0.8867709149,-0.3767688333,0.06435639834,-0.3717040302,0.05799037636,-0.2695900791,-0.3990335263,-0.7696263273,0.0420515842,-1.102622178,-0.8948087936,-1.271069265
-0.6059798557,-0.4423302309,-0.6822926134,-0.4376128529,0.1207132673,0.3555709868,-0.2707507394,0.8594219141,-0.1266812861,-0.3078160284,-0.2708228644,0.5724603228,-0.7632611729,-0.5152999034,-1.00516604
-0.9528844443,-0.771198836,-1.012106797,-0.8153003007,-0.2976088353,0.1106948419,-0.5015011184,-0.3266967617,-0.5077714008,-0.4902510242,-0.6902560724,0.1264509117,-1.048622614,-0.834420846,-1.228758398
-0.5751666585,-0.4131190486,-0.6529974417,-0.4040654217,0.1578700011,0.3773216848,-0.3140164355,-0.3587540233,-0.5226577335,-0.4720075246,-0.2335674386,0.6120763337,-0.7379144388,-0.4869545402,-0.9853058368
-0.4541204413,-0.2983661686,-0.537914619,-0.2722780706,0.3038360959,0.4627668821,-1.063955167,-0.8716702074,-0.9216114473,-0.8003905171,-0.08721364321,0.7677034249,-0.6383426138,-0.3756029346,-0.90728724
-0.7002319884,-0.5316820827,-0.7719013739,-0.5402285248,0.007057375718,0.28903944,-0.5447668144,1.885254282,0.1918862317,-0.1071375329,-0.3847806374,0.4512819367,-0.8407923596,-0.6020033671,-1.065914895
-1.226814556,-1.030886994,-1.272541622,-1.113537822,-0.6279331489,-0.08266941968,-0.5591887131,-0.7113838998,-0.7787026543,-0.544981523,-1.02145776,-0.225736438,-1.273955728,-1.086411849,-1.405316108
-0.9620259555,-0.7798650692,-1.020797948,-0.8252529912,-0.3086323164,0.1042419494,-0.06884415787,0.4426775145,-0.001636092216,-0.2895725288,-0.701308833,0.114697824,-1.056142361,-0.8428302121,-1.234650428
-0.539940318,-0.3797241675,-0.6195065421,-0.3657132434,0.2003484154,0.4021875723,0.118640525,0.3785629914,0.2365452295,-0.3990335263,-0.1909761974,0.6573662489,-0.7089374819,-0.4545494831,-0.9626012061
0.256632054,0.3754334565,0.1378223463,0.5015436221,1.160911753,0.9644792744,0.5945631816,0.02593311485,-0.1177494865,-0.1618680317,0.7721384928,1.681505987,-0.05368226904,0.2782252756,-0.4491819507
-0.08160386015,0.05478283102,-0.1837502288,0.1332940706,0.7530429516,0.7257222517,0.6234069789,-0.4228685463,-0.668543793,-0.2713290292,0.3631863509,1.246641745,-0.3319129154,-0.03292126818,-0.6671870401
0.317391581,0.4330340232,0.1955885288,0.5676946949,1.234179891,1.007368758,0.07537482897,0.2503339454,0.03706837256,-0.08889403335,0.8456012377,1.759623492,-0.003701880327,0.334118562,-0.4100202722
-0.261991094,-0.1162258553,-0.3552506073,-0.06309997026,0.5355192595,0.5983888815,-0.2995945368,-0.2946395002,-0.6506801939,-0.2713290292,0.145084894,1.014720904,-0.4802982718,-0.1988612586,-0.783453035
-0.5435654,-0.3831607772,-0.6229530329,-0.36966,0.1959770349,0.3996286667,-0.2419069421,-0.7113838998,-0.4988396013,-0.4902510242,-0.1953591886,0.6527055417,-0.7119194507,-0.4578842318,-0.9649377005
0.04424953103,0.1740929542,-0.06409705955,0.2703151642,0.904805877,0.8145607804,0.118640525,-0.3266967617,-0.3916580065,-0.2530855296,0.5153523738,1.408449339,-0.2283867406,0.08285250405,-0.5860700486
0.7346171384,-0.8621596735,-0.3984433071,-0.4484354623,-0.5955787728,-0.272481298,0.2772814105,0.410620253,0.2424997625,0.4584109542,-0.3929387689,-0.3656926749,-0.4458454099,0.484226971,-0.4121126679
0.3642146802,-1.019767035,-0.6371920667,-0.6833917451,-0.7751917907,-0.3537268733,0.2484376132,0.6991356065,0.9153619964,0.859767945,-0.6412619441,-0.5372241505,-0.6606370202,0.1702419005,-0.6198278439
2.209423661,-0.2346250571,0.55216655,0.4870741451,0.1195742843,0.05100873774,1.315658116,2.750800343,2.231313799,1.425316432,0.595792894,0.3172826497,0.4093758792,1.73440018,0.4149328593
2.332941542,-0.1820678268,0.6317819527,0.5654248729,0.1794697274,0.07810165001,1.82042457,1.596738929,1.951450746,4.891581353,0.6786010712,0.3744831459,0.4810023059,1.839104589,0.4841995119
2.607039361,-0.06543837943,0.8084560348,0.7392925221,0.3123833607,0.1382233758,0.7243602697,0.5709065605,0.5104537495,0.9692289425,0.8623602208,0.5014164379,0.6399480975,2.071453541,0.6379087421
-0.6707956174,-1.460167033,-1.304324315,-1.339926729,-1.277081881,-0.5807502239,0.5224536882,-0.8075556844,-0.5554076652,-0.4720075246,-1.335147845,-1.016532103,-1.260826148,-0.7071220964,-1.200243393
2.485033327,-0.1173523144,0.7298151168,0.6619007996,0.2532210319,0.1114620781,0.06095293028,0.3785629914,0.001341174306,1.407072933,0.7805656076,0.4449160702,0.5691983712,1.968030704,0.5694899066
-0.03279628115,-1.188696394,-0.8930917576,-0.93522652,-0.9677076214,-0.4408088655,0.349390904,-0.7434411614,-0.6715210595,-0.0341635346,-0.9074238454,-0.7210778873,-0.8908585584,-0.1662988322,-0.8424645998
0.7857175592,-0.8404162905,-0.3655057231,-0.4160210853,-0.5707995075,-0.2612727247,1.257970521,-0.4869830693,-0.3053172774,1.151663938,-0.3586803064,-0.3420283325,-0.4162129347,0.527544095,-0.3834564518
0.544880369,-0.9428932402,-0.5207411411,-0.5687906194,-0.6875846249,-0.3140989294,2.180972037,0.02593311485,1.397679173,0.8050374463,-0.5201410485,-0.4535587981,-0.5558713164,0.3233897206,-0.518513707
0.7377920167,-0.8608087532,-0.3963968892,-0.4464215513,-0.5940392327,-0.2717849073,0.349390904,0.09004763787,0.028136573,0.07529746291,-0.3908102846,-0.3642224051,-0.444004339,0.4869182716,-0.4103322521
0.1685817084,-1.103009453,-0.7632903912,-0.8074870226,-0.8700567888,-0.3966378017,0.6522507763,0.5709065605,0.06684103778,0.421923955,-0.7724171232,-0.6278207748,-0.7740820585,0.004406520424,-0.7295353694
0.6174490139,-0.9120150633,-0.4739658739,-0.5227583681,-0.6523951356,-0.298181429,0.5080317895,0.2503339454,0.3556358903,-0.01592003501,-0.4714899774,-0.4199526314,-0.5137896948,0.384905163,-0.4778184889
0.8155009406,-0.8277433721,-0.3463083739,-0.3971286822,-0.5563571546,-0.2547399172,0.1330624237,-0.6152121153,-0.5375440661,-0.3078160284,-0.338713096,-0.3282358016,-0.3989419358,0.5527910578,-0.366754456
1.1316281,-0.6932303139,-0.1425436162,-0.1966006874,-0.4030629422,-0.1853993058,0.9695325473,0.3465057299,0.1531817669,1.51653393,-0.1267768677,-0.1818389381,-0.2156238717,0.8207677036,-0.1894759119
4.375597711,0.6870885239,1.948408276,1.861136847,1.169980538,0.526146127,0.5512974855,0.474734776,0.799248602,0.4766544538,2.048027365,1.320426725,1.665512284,3.570636135,1.629685121
0.96547614,-0.7639284731,-0.2496394884,-0.3019953628,-0.4836322102,-0.2218437496,-0.01115656313,1.115880006,1.093997988,-0.2895725288,-0.2381675491,-0.2587830572,-0.3119732512,0.679922972,-0.2826510051
0.2786441531,-1.056177552,-0.6923479026,-0.7376714414,-0.8166860635,-0.3724962593,-0.7322514973,-0.7754984229,-0.6328165947,-0.4720075246,-0.6986296654,-0.576851422,-0.7102582657,0.09770494136,-0.6678142886
-0.6882197297,-0.8837492348,-0.7604809043,-0.3998055731,-0.2481032993,-0.07402294682,-1.063955167,-0.8716702074,-0.9216114473,-0.8003905171,-1.295366384,0.5778435041,-0.7820855098,-0.8302657933,-0.07058222552
0.009463561895,-0.3622073744,-0.09716928282,0.4087931954,0.4894449731,0.2754839455,0.8108916618,2.68668582,2.162836669,4.107110871,-0.8078249932,1.517604509,-0.1893862735,-0.2805545527,0.7591530813
-0.2073158539,-0.5242573205,-0.3032689666,0.1575508757,0.2602789811,0.1668875368,0.3638128026,2.141712374,2.27299553,3.012500896,-0.9593105442,1.225608349,-0.3735457563,-0.4513570973,0.5013433598
-0.9344979425,-1.06785053,-0.9946261141,-0.6852363151,-0.5084536223,-0.1973968814,-0.4582354223,0.538849299,2.040768741,0.64084595,-1.467465707,0.2461132428,-0.9913049513,-1.024310718,-0.3634740446
0.7042074716,0.1571371987,0.5633477667,1.213985288,1.22388591,0.6235183442,0.2340157145,0.2503339454,0.5938172121,1.042202941,-0.3223376441,2.453406243,0.4008158851,0.2668407212,1.585392663
0.1380615204,-0.2660760504,0.02509324146,0.5578352495,0.6253909005,0.3399055439,5.800868606,0.2823912069,0.07577283734,1.644238427,-0.7179606834,1.690822569,-0.08013912265,-0.1792310092,0.9120910516
-0.3235264172,-0.6111286475,-0.4137543661,0.02286552557,0.1374282533,0.1086714474,10.14186011,3.936919019,2.698744643,2.301004412,-1.040518537,1.069075784,-0.4722695082,-0.5429204954,0.3631373736
1.374701481,0.6583541506,1.200809597,1.991072308,1.932691329,0.95940467,6.42101025,10.25219954,10.97554557,9.890300239,0.1462038637,3.356544001,0.9704171524,0.7951292698,2.382792513
1.441467441,0.7082639645,1.264286304,2.06845251,2.003272235,0.9928513121,0.2051719171,0.3144484684,0.9421573951,1.169907438,0.1928599462,3.44647599,1.027136489,0.8477347993,2.46219541
-0.1381354011,-0.4725425919,-0.2374967188,0.2377294174,0.3334123413,0.2015437273,0.3782347013,-0.2625822387,-0.1177494865,1.09693344,-0.9109672134,1.318792596,-0.3147752483,-0.3968491666,0.5836177455
1.107847594,0.4588718441,0.9471023837,1.681794838,1.650589658,0.8257232796,1.243548622,0.05799037636,0.5283173486,0.9144984438,-0.04027374906,2.99709885,0.7437181667,0.584872578,2.065430619
-1.781774778,-1.701218624,-1.800161488,-1.667210534,-1.404143075,-0.6218431842,-0.6889858012,-0.8716702074,-0.8620661169,-0.6909295196,-2.059543131,-0.895146322,-1.711087608,-1.691888122,-1.371116786
-0.5889106124,-0.8095123104,-0.6660642937,-0.2847086073,-0.1431197504,-0.02427369612,-0.3861259289,-0.4869830693,-0.3321126761,-0.23484203,-1.225969129,0.7116102676,-0.697719955,-0.7520192038,0.04752334177
0.04022209401,-0.3392143312,-0.06792608313,0.4444416214,0.5219610194,0.2908925401,-0.1697974486,-0.7754984229,-0.6506801939,-0.2713290292,-0.7863309175,1.559035441,-0.1632561386,-0.2563196153,0.7957333468
-0.8028556241,-0.9694434436,-0.8694692117,-0.5326659185,-0.3692893831,-0.1314502003,-0.5880325105,-0.1022959312,-0.5047941343,-0.3260595279,-1.375473997,0.4234319758,-0.8794715414,-0.9205884949,-0.2069155019
-0.6098012195,-0.8251287459,-0.685925716,-0.3089203369,-0.1652040276,-0.03473891904,-0.5015011184,-0.7434411614,-0.7102255243,-0.1983550309,-1.240567494,0.6834711704,-0.7154670431,-0.7684791101,0.02267872455
-0.8541898296,-1.007817499,-0.9182744152,-0.5921610732,-0.4235567778,-0.1571662506,-0.5303449157,-0.5831548538,-0.2547037465,-0.2165985304,-1.411346362,0.3542861541,-0.9230812204,-0.9610351991,-0.2679658427
2.222503205,1.292114618,2.006844002,2.973654863,2.828935664,1.384113918,-0.2419069421,-0.6793266383,-0.2934082113,-0.1618680317,0.7386480813,4.498510578,1.690645716,1.463120239,3.391059491
0.4176177355,-0.05709832331,0.2908769983,0.8818344251,0.9209207003,0.4799502106,2.483831909,1.660853452,2.734471841,6.551739815,-0.5226066775,2.067377423,0.1573508061,0.04103396727,1.244559472
0.3959922829,-0.07326408065,0.270316933,0.8567710266,0.8980595892,0.4691168642,1.387767609,0.9876509601,1.400656439,3.760484379,-0.5377185533,2.038248508,0.1389794485,0.02399506935,1.218840923
1.520515819,0.7673553008,1.339440329,2.160067748,2.086837364,1.032450874,5.728759113,1.468509883,1.763882955,1.005715942,0.2480989873,3.552952071,1.094290044,0.9100177611,2.556205444
-0.1349860633,-0.4701883554,-0.2345025346,0.2413794269,0.3367416293,0.2031213991,1.589674191,-0.1022959312,-0.3499762752,-0.1071375329,-0.9087664548,1.323034671,-0.3120998078,-0.3943677737,0.5873631652
-1.114511239,-0.9793047574,-1.001950847,-0.8427533141,-0.9482342783,-0.345121042,-0.7178295986,-0.5190403308,-0.5464758656,-0.6179555213,-1.588614196,-1.431045241,-1.269521206,-0.9989798267,-0.8305215431
-0.10822294,-0.06516174481,0.07364372812,0.3606042491,-0.06549215693,0.1172225453,-0.198641246,-0.4228685463,-0.5375440661,-0.23484203,-0.8820487794,-1.116728362,-0.5055755758,-0.08480692506,0.1826583398
-1.285806123,-1.13491426,-1.185043354,-1.047594208,-1.098498581,-0.4238232303,-0.515923017,-0.3908112848,-0.6298393282,-0.6909295196,-1.708888914,-1.484549662,-1.39956344,-1.154594417,-1.002989543
-0.9542795336,-0.8337453844,-0.8306834741,-0.6511421876,-0.8076748823,-0.2715018798,-0.5736106118,-0.3908112848,-0.6715210595,-0.3625465271,-1.476107491,-1.380996433,-1.147877825,-0.8534156945,-0.669192488
-0.6153774918,-0.525876423,-0.4684401707,-0.245870323,-0.5103812462,-0.1157918453,-0.6745639026,-0.4549258078,-0.6447256608,-0.6361990209,-1.238147392,-1.275139461,-0.890592975,-0.5455366669,-0.3279694692
-0.6510562432,-0.55828809,-0.5065762312,-0.2885363218,-0.5416795697,-0.1321846047,-0.4582354223,-0.3908112848,-0.4005898061,-0.2165985304,-1.263199231,-1.286283816,-0.9176792745,-0.5779493937,-0.3638925672
-0.9835969572,-0.8603782271,-0.862020082,-0.6862010704,-0.8333928846,-0.2849718992,0.4503441947,-0.3908112848,-0.2547037465,-0.2530855296,-1.496692722,-1.39015381,-1.170134784,-0.880049408,-0.6987106925
-0.04304237869,-0.005949732907,0.1433134821,0.4385496268,-0.008314082738,0.1471700411,0.2051719171,1.340280837,0.8052031351,0.1482714612,-0.8362822426,-1.096369037,-0.4560923362,-0.02559297715,0.2482852914
-0.7764389355,-0.6721895556,-0.6405944284,-0.438473682,-0.6516685102,-0.1897922344,-0.9630018762,-0.8396129459,-0.7816799208,-0.5632250225,-1.351236699,-1.32544744,-1.01286627,-0.6918545834,-0.4901339452
1.264072188,1.181473046,1.540453187,2.001646606,1.138320621,0.7477295813,1.15701723,-0.07023866967,-0.1802720835,-0.23484203,0.08150836497,-0.6880882572,0.5362320931,1.161868626,1.564351657
-0.1333916717,-0.08802578901,0.0467415459,0.330506529,-0.08757081924,0.1056586608,0.4647660934,0.2823912069,0.2573860951,0.02056696415,-0.8997210065,-1.124589884,-0.5246829654,-0.1076717168,0.1573172397
-0.5839396255,-0.4973173055,-0.4348370786,-0.2082757349,-0.4828031369,-0.1013475793,0.03210913292,-0.8075556844,-0.6328165947,-0.1983550309,-1.216073292,-1.265319759,-0.8667262357,-0.5169766156,-0.2963163002
0.6174293916,0.5940429874,0.849274044,1.228366721,0.5710688359,0.4506267025,0.5080317895,0.7632501296,0.2484542956,0.1665149608,-0.3725319314,-0.8900688884,0.04531916131,0.5744193607,0.9132803149
0.4692749898,0.4594550056,0.6909157773,1.05119809,0.4411039629,0.3825565106,0.7820478645,0.1541621609,-0.03140875743,0.05705396332,-0.4765585576,-0.9363453176,-0.06715547248,0.4398269784,0.7641112749
0.05394482153,0.08215640078,0.2469804993,0.5545305848,0.07676559767,0.1917312371,-0.15537555,2.109655113,0.4777038177,0.00232346457,-0.7681826715,-1.066074822,-0.3824623955,0.06251603728,0.3459367103
0.08621242616,0.111469278,0.2814704765,0.5931174054,0.105071575,0.20655673,-0.9918456736,-0.8716702074,-0.7280891234,-0.6909295196,-0.7455259701,-1.055995948,-0.3579657422,0.09182987288,0.3784253002
0.587558809,0.5669076382,0.8173461794,1.19264635,0.5448655884,0.4369025319,0.3926566,-0.1022959312,-0.3321126761,0.00232346457,-0.3935055635,-0.8993990459,0.02264225941,0.5472831243,0.8832051631
-0.5435590232,-0.4606343335,-0.3916753357,-0.1599870851,-0.4473802281,-0.08279453385,-0.2130631447,-0.1664104542,-0.3112718104,-0.453764025,-1.187720048,-1.252706768,-0.8360704238,-0.4802924442,-0.2556591505
0.2634076722,0.2724388492,0.4708697227,0.8050141747,0.2605118276,0.2879698656,-0.7034076999,-0.4549258078,1.353020175,0.1300279617,-0.6211083126,-1.000648532,-0.2234441204,0.2528047072,0.5568340712
0.2100278348,0.2239469752,0.4138134461,0.7411805485,0.2136856537,0.2634442644,0.3926566,-0.3587540233,-0.4154761387,-0.2530855296,-0.6585889701,-1.017321869,-0.263968584,0.2043112478,0.503088661
-0.4671308967,-0.3912046901,-0.3099833612,-0.06859144428,-0.380335499,-0.04767929483,-0.8187828894,-0.8716702074,-0.3857034735,-0.5997120217,-1.134056033,-1.228834236,-0.7780483508,-0.4108605307,-0.1787076047
-0.8910350285,-0.7762921452,-0.7630831188,-0.5755120192,-0.7521951668,-0.2424439137,0.9551106487,2.398170467,1.061248056,1.571264429,-1.431700356,-1.361241841,-1.099864384,-0.7959605767,-0.6055148517
-1.571143941,-1.394123845,-1.490033295,-1.38881195,-1.348804294,-0.5549229465,-0.7322514973,-0.7754984229,-0.7727481212,-0.2530855296,-1.909238888,-1.573675704,-1.616183845,-1.413812477,-1.290281503
0.883406647,0.8356648464,1.133569999,1.546432371,0.8043909633,0.572831123,0.1042186263,-0.3587540233,0.7575668707,0.7685504471,-0.1857759783,-0.8069901714,0.2472415748,0.8160491198,1.18107912
0.7974826255,0.757608842,1.041728117,1.44368118,0.7290161894,0.5333529532,-0.9053142815,-0.8396129459,-0.8233616521,-0.4902510242,-0.2461075375,-0.8338287725,0.1820104866,0.7379905633,1.094566647
0.3588275887,0.3591212146,0.5728615124,0.9191209156,0.3442166463,0.3318109662,0.5224536882,-0.8396129459,-0.3916580065,0.5313849525,-0.5541092098,-0.9708438628,-0.1510040172,0.3394899068,0.6529074728
0.1119343167,0.1348358286,0.3089639154,0.6238766138,0.1276354826,0.2183747658,-0.15537555,-0.7754984229,-0.05224962308,0.4584109542,-0.7274653424,-1.047961646,-0.33843841,0.1151971875,0.4043233476
0.6655914847,0.6461118832,0.6723164967,0.9398412155,0.6251089617,1.000775916,-0.01115656313,-0.7754984229,-0.6655665265,-0.2895725288,0.6094024059,-0.1910758227,0.05759625958,0.8601987698,0.6703531528
0.7409200238,0.7147404648,0.747399303,1.021688745,0.6914695805,1.047946035,-0.5447668144,-0.4869830693,-0.4660896695,-0.5814685221,0.6848473158,-0.1512775681,0.1142058586,0.9343888522,0.7392655632
0.1372979305,0.1648064214,0.1457463146,0.3658287268,0.1597091606,0.6699627791,0.5657193842,0.410620253,0.001341174306,0.2942194579,0.08029272113,-0.4701886477,-0.3394177618,0.3398894322,0.1870571452
-0.7619737722,-0.654481224,-0.7505918304,-0.6112666475,-0.6325035557,0.1068461366,1.128173433,-0.2305249772,-0.5524303987,-0.3260595279,-0.8203682151,-0.9453000008,-1.015222856,-0.5457913798,-0.6356188467
0.1359066382,0.1635388751,0.1443595609,0.364317031,0.1584835028,0.6690915632,-0.5447668144,-0.7113838998,-0.6268620617,-0.6361990209,0.07889927952,-0.4709237078,-0.3404633217,0.3385191668,0.1857843566
-0.3838404062,-0.3099802304,-0.3736919915,-0.2004093263,-0.2993872572,0.3436301817,-0.7610952947,-0.5510975923,-0.6655665265,-0.7274165188,-0.4416506925,-0.7455211635,-0.7310546181,-0.1733728264,-0.2896930926
-0.9462206213,-0.822340578,-0.9342376388,-0.8114583619,-0.794815676,-0.008527745128,-0.1409536513,-0.6152121153,-0.5881575969,-0.2530855296,-1.004899697,-1.042642961,-1.153684856,-0.7272536657,-0.8041724205
-0.6688565675,-0.5696461567,-0.6577783878,-0.5100910076,-0.5504720257,0.1651553745,0.0465310316,-0.7754984229,-0.737020923,-0.2165985304,-0.727107159,-0.8961034777,-0.945245027,-0.4540814759,-0.5504329251
0.2854705583,0.2998001091,0.2934355812,0.5268243289,0.2902417233,0.7627472762,-0.2563288407,-0.5510975923,-0.3410444757,-0.3625465271,0.2286942523,-0.3919047459,-0.228065635,0.4858226945,0.3226091293
0.2121295795,0.2329823079,0.2203338517,0.4471363649,0.2256320444,0.7168217505,-0.3140164355,1.019708222,0.3734994895,0.3854369558,0.1552399733,-0.4306529146,-0.2831815771,0.4135901341,0.2555149883
-0.4735787583,-0.3917369708,-0.4631376038,-0.297913705,-0.3784421895,0.2874367539,0.07537482897,-0.2946395002,-0.0969086209,-0.5632250225,-0.5315276762,-0.7929325407,-0.7984932301,-0.261754943,-0.3717879562
-0.007197710539,0.03316267777,0.001722039764,0.2088283208,0.03241583654,0.5794807813,0.1474843224,0.9876509601,0.5074764829,0.09354096249,-0.06442614299,-0.5465298906,-0.4480066232,0.1975775855,0.0548689595
-0.1336065519,-0.08200296318,-0.1242744372,0.07147996008,-0.07894393528,0.5003245906,0.4936098908,1.083822745,0.3615904234,0.3124629575,-0.1910302662,-0.6133153521,-0.5430032062,0.07307918867,-0.0607729746
-2.473958922,-2.214197023,-2.456992231,-2.471408322,-2.14067556,-0.9651850715,-0.9197361802,-0.8396129459,-0.9007705817,-0.7456600184,-2.534998113,-1.849791467,-2.301784283,-2.231902922,-2.201785198
0.2110364213,0.2319863787,0.2192442595,0.4459486039,0.2246690275,0.7161372237,1.027220142,0.05799037636,-0.1058404205,-0.1801115313,0.1541451263,-0.4312304618,-0.2840030884,0.412513497,0.2545149401
1.101662236,1.043397129,1.106964721,1.413649869,1.009265156,1.273839882,0.5512974855,0.4426775145,0.1144773021,-0.1983550309,1.046146818,0.03931301775,0.3853045978,1.289679088,1.06928146
1.040842888,0.987987245,1.046343774,1.347567167,0.9556863976,1.235755299,0.4359222961,1.468509883,1.317292977,1.297611935,0.9852335138,0.007180390047,0.3395986946,1.229778916,1.013642416
2.164609538,2.01180255,2.166444531,2.568585455,1.945667765,1.939448856,2.729004187,2.622571297,1.448292704,1.151663938,2.110736207,0.6008989425,1.184112343,2.336561834,2.041691937