0,1,2,3,4,5,6,7,8,9
0.06212322469,0.0719321549,0.1306835598,0.1528558292,0.1591907633,0.1622560539,0.1229181567,0.07979973434,0.04700112394,0.009298048432
0.04675412042,0.07971745711,0.1177262025,0.1432896065,0.1439623276,0.1523713421,0.1503531786,0.100571813,0.05247225025,0.01009081736
0.0564245274,0.09029843585,0.146435083,0.1310814701,0.1624604165,0.1662988197,0.1235006237,0.07763170521,0.03742443144,0.007388926207
0.06461275139,0.08905648267,0.1349486521,0.1223256312,0.1515832264,0.1798780488,0.1318463843,0.07557766367,0.04048994437,0.008344030809
0.08399493729,0.1179380969,0.1091934185,0.113220573,0.1820273847,0.1623518582,0.1139109424,0.07502013577,0.0347485905,0.005638016339
0.08487740969,0.0816020962,0.1223095639,0.1721879094,0.1756503837,0.1523488677,0.1064944788,0.06896874415,0.02957140183,0.004585438892
0.04895576016,0.07814956209,0.1118347182,0.1351897597,0.1785313272,0.16258702,0.1354143274,0.1006063328,0.03817651022,0.008309005165
0.03225428102,0.03460004692,0.1285479709,0.1416842599,0.1459066385,0.1856673704,0.1722965048,0.10110251,0.04269293924,0.01067323481
0.02172413793,0.04706896552,0.2353448276,0.1312068966,0.1156896552,0.1753448276,0.1375862069,0.09310344828,0.03465517241,0.006724137931
0.03346928983,0.0605806142,0.2472408829,0.1636276392,0.1283589251,0.1385556622,0.1108445298,0.07341650672,0.03658829175,0.00575815739
0.02842420213,0.04571143617,0.154587766,0.1067154255,0.1264960106,0.2265625,0.1747007979,0.09308510638,0.03474069149,0.007480053191
0.0296250259,0.05914646779,0.1709136109,0.1130101512,0.1356950487,0.218873006,0.1479179615,0.08659622954,0.03190387404,0.004972032318
0.05730977883,0.07761858395,0.1445263597,0.1417443316,0.141187926,0.1819446376,0.1386841007,0.07650577271,0.03268883016,0.006259563222
0.05066214968,0.06144133046,0.139513397,0.1424391746,0.1575300277,0.187249769,0.1376655374,0.08238373884,0.03433939021,0.005389590391
0.03043957144,0.03925102633,0.2074697106,0.1608090518,0.1327726044,0.1780314409,0.1374787223,0.07619905878,0.03073996195,0.005006508461
0.06861143524,0.09544924154,0.1302994944,0.1381563594,0.1740956826,0.1583819525,0.1081291326,0.08028004667,0.03928432517,0.005834305718
0.03622970535,0.08172980557,0.352475446,0.1165564241,0.1165564241,0.117157747,0.07982561636,0.06263780317,0.0312186811,0.004509921828
0.09031198686,0.06830870279,0.08768472906,0.2170771757,0.2285714286,0.1471264368,0.09983579639,0.039408867,0.01609195402,0.003612479475
0.04127966976,0.04317165463,0.09700722394,0.1162710698,0.1384588923,0.192122463,0.1965944272,0.1028551772,0.05005159959,0.01479188166
0.03682642838,0.05199025183,0.129704847,0.1500135391,0.1540752776,0.1738424045,0.1594909288,0.094503114,0.03953425399,0.007581911725
0.04320860037,0.04589621666,0.2693818483,0.1490593343,0.1075046516,0.1341740748,0.1283853628,0.07359933843,0.0365929295,0.01033698573
0.03925470333,0.06837916064,0.3116859624,0.1378437048,0.1212011577,0.119211288,0.09587554269,0.06874095514,0.03147612156,0.005788712012
0.03063592759,0.03961008819,0.2028469751,0.1664861519,0.1239362525,0.1672597865,0.1437412966,0.08463561813,0.03249265047,0.006034349373
0.0291018565,0.02257902659,0.136979428,0.1595584546,0.1063723031,0.1831409935,0.2057200201,0.1018564977,0.03913697943,0.01053687908
0.0576258862,0.05453553899,0.1602435921,0.1686966006,0.1492455917,0.1773313943,0.1206144337,0.07634975459,0.02999454645,0.004271950554
0.06158443262,0.04154216165,0.173894031,0.2249836018,0.1434297792,0.1458348517,0.11464179,0.06522848189,0.02470665403,0.003571168282
0.08413461538,0.06040632754,0.1202698511,0.1871898263,0.1636941687,0.1597394541,0.1120502481,0.07234801489,0.03233560794,0.005428039702
0.03573756246,0.039430806,0.2016076472,0.1670649576,0.1394742559,0.1894416685,0.1213339127,0.07212687378,0.02693895286,0.005974364545
0.04138807168,0.06057769457,0.1764509227,0.1602032629,0.146295801,0.1624097352,0.1300481412,0.08351163413,0.03303022198,0.005215298208
0.06780818022,0.05899084134,0.1190056317,0.1448319017,0.146140281,0.166960578,0.1492690142,0.09374822231,0.04437112464,0.008362250412
0.05649993033,0.06541730528,0.1446983419,0.1586317403,0.1433746691,0.1683154521,0.1332729553,0.08171938136,0.04117319214,0.006339696252
0.07228365165,0.08059946998,0.139358494,0.1292150233,0.1540710957,0.1825824728,0.1274787535,0.07045599927,0.03719272594,0.005482957142
0.05802549853,0.07338999673,0.1452544404,0.1620900076,0.1576768007,0.1654680179,0.1234063419,0.07377138498,0.03209109731,0.007246376812
0.04188886977,0.0559091691,0.1654051264,0.1939618097,0.1447617409,0.1395148804,0.1300533287,0.0804231894,0.03879236195,0.007397213143
0.02963231737,0.03507498791,0.1302612482,0.1400580552,0.1490082245,0.2186744074,0.1660619255,0.08538945331,0.0339864538,0.00786163522
0.06693809951,0.09026292181,0.132289007,0.1470567939,0.1665171486,0.1630667311,0.1184183286,0.07232075081,0.03719550066,0.005037609551
0.07673052855,0.0771156253,0.1569269279,0.1827284105,0.1538461538,0.1526908636,0.09935496293,0.06200057765,0.03186675652,0.005487628767
0.06458832934,0.07066346922,0.1493205436,0.1662669864,0.1522781775,0.1617905675,0.1223820943,0.07641886491,0.02981614708,0.005355715428
0.1023219339,0.1048450339,0.1039926353,0.134474411,0.1808789935,0.1573186948,0.1027310853,0.06423676225,0.04023321627,0.007807971632
0.06470124902,0.05885000563,0.1146618656,0.1731742995,0.1414425565,0.1601215258,0.1493192303,0.08765612693,0.04163384719,0.00675143468
0.03976838195,0.04501256419,0.1891183219,0.1973123566,0.1424669507,0.1432317273,0.1205069376,0.07123347536,0.04064241232,0.008303288539
0.05560687234,0.05616109366,0.1513947903,0.1984112322,0.1603547016,0.1346757805,0.1141695917,0.08137816368,0.03898023277,0.007574358027
0.06462560984,0.1152513611,0.1322208867,0.1190695043,0.1919677579,0.1671498268,0.1016757406,0.05889839497,0.04249452026,0.006222159372
0.03700929913,0.05311115272,0.1714410535,0.1683829495,0.1529051988,0.1686950009,0.1266304687,0.07913624165,0.03519940086,0.006116207951
0.03634339915,0.06049167635,0.216511808,0.1613433991,0.139469609,0.1554394115,0.1162891986,0.07549361208,0.03198799845,0.00493612079
0.08754168652,0.05431157694,0.1496545974,0.2310028585,0.1646617437,0.1362553597,0.09885659838,0.05055979038,0.02149833254,0.004585516913
0.05757271815,0.05351053159,0.1472918756,0.2008024072,0.1495486459,0.1647442327,0.1179037111,0.06875626881,0.03079237713,0.006970912738
0.06153781968,0.05886770412,0.1307522216,0.2011347991,0.1670491051,0.1541157328,0.1198631566,0.06942300471,0.02928783011,0.006591847803
0.07131537242,0.07154177043,0.1502150781,0.1734208739,0.1557618293,0.162270772,0.118745755,0.06718360878,0.02484718134,0.003565768621
0.05350452536,0.07375289413,0.2,0.1420753526,0.1354241212,0.1637549989,0.1245632498,0.07320564092,0.02938328773,0.003578194064
0.03293612612,0.07009103693,0.4296499149,0.1322626008,0.08652209311,0.09762415809,0.07001702317,0.05617644882,0.02116793724,0.002664495596
0.06960275174,0.07135630944,0.1686787617,0.1639576448,0.1518850745,0.1626087543,0.1141161395,0.06629796992,0.02630336548,0.004653672354
0.07757456733,0.09070823616,0.1253222045,0.1555991981,0.1733562457,0.1619410008,0.1107974305,0.07123276462,0.02855856962,0.004009655906
0.0759779338,0.1086384152,0.1120235707,0.144558676,0.188440321,0.1536484453,0.1059428285,0.07497492477,0.03096790371,0.004325476429
0.0848872983,0.06975576066,0.1171595404,0.1799460036,0.1655051171,0.1509386576,0.1283355309,0.06919068249,0.03020028882,0.003327682552
0.09403303143,0.06592967501,0.1058870538,0.1885322323,0.1771443793,0.1451118807,0.1194725626,0.07112413426,0.02883590836,0.003329781566
0.06338772156,0.06996126306,0.1550064562,0.1790703134,0.1474938373,0.1824744688,0.1226082874,0.05452517901,0.02230308722,0.002641155065
0.05817976417,0.06912377321,0.1625361858,0.1861893667,0.1554049283,0.1551225023,0.1212313775,0.06298100685,0.024924098,0.003318505966
0.052883247,0.05487561906,0.1419138157,0.1584789662,0.1452723857,0.1937724142,0.1499971538,0.07126999488,0.02675471054,0.003984744123
0.0530348687,0.048213517,0.183125269,0.1792509686,0.1349978476,0.166078347,0.1291433491,0.0725785622,0.02927249247,0.003443822643
0.05164980202,0.05675318962,0.1606687198,0.1555653322,0.1492300924,0.1874175099,0.1414870216,0.06660800704,0.02613286406,0.003783545974
0.03981425091,0.06021619976,0.1793544458,0.1406059683,0.1479902558,0.190545067,0.1278928136,0.07886723508,0.03159257004,0.002816686967
0.08855889544,0.06015389041,0.165252409,0.1781245506,0.1484970516,0.1640658708,0.107471595,0.0586437509,0.02462965626,0.003811304473
0.07455388859,0.06515107192,0.1278783067,0.1799908061,0.1611015922,0.1577165782,0.1242843412,0.07384345355,0.02988006185,0.004471561703
0.09978252055,0.06317962328,0.1137528106,0.1960263924,0.1671642891,0.1477754433,0.1151166648,0.06424859007,0.02709277895,0.004865641933
0.01801052923,0.03649606143,0.4510153188,0.1844594862,0.09147765507,0.08969639394,0.06836084392,0.04132525828,0.01567509797,0.002572932747
0.04643976916,0.05693642932,0.2535556868,0.1829417912,0.1239151179,0.1394556278,0.1082382878,0.06216203935,0.02308356432,0.002817285409
0.05215727424,0.04894759583,0.172643664,0.1898648232,0.1422134436,0.1670884513,0.1286340349,0.07110672181,0.02327016851,0.003518301339
0.0572,0.06462222222,0.1783111111,0.1816888889,0.1385777778,0.1652,0.1228444444,0.06591111111,0.02168888889,0.003555555556
0.04712133598,0.06095994394,0.1594651407,0.1646035268,0.143466075,0.1791428238,0.1384444704,0.07596636693,0.02645101016,0.003561835805
0.05461741425,0.06883245383,0.1517810026,0.1542875989,0.145085752,0.1806398417,0.1408970976,0.07526385224,0.02430738786,0.003364116095
0.05205047319,0.04698655155,0.2088660136,0.2326083347,0.1383031712,0.1260169351,0.1046820521,0.06176324091,0.02432342686,0.004067740329
0.04246718247,0.05502912284,0.2146396592,0.1945144745,0.1453533861,0.150960619,0.1070155612,0.06250543337,0.02421107537,0.002694949144
0.07009413469,0.08964518465,0.1382331644,0.1481535119,0.165025344,0.1659666908,0.123968139,0.06918899348,0.0254525706,0.00340333092
0.06617918358,0.08731090464,0.1625800825,0.1610371315,0.1578506021,0.1655988998,0.1152181934,0.05611645926,0.0237815718,0.003958004897
0.09623198085,0.1563143541,0.1157956253,0.1140424111,0.2181499416,0.1492736684,0.08242889742,0.04121444871,0.02234652418,0.003896031614
0.04762303665,0.06534031414,0.187434555,0.1687539267,0.1519162304,0.1671623037,0.1201256545,0.06429319372,0.02353926702,0.00322513089
0.06689968805,0.0746795956,0.149697448,0.1583417898,0.1596948172,0.1674747247,0.1343255534,0.06284060586,0.02209944751,0.00349532078
0.08360150633,0.09137281753,0.1394385484,0.1535433071,0.1612803834,0.1624443684,0.120917494,0.05484423143,0.02807257788,0.004039712427
0.04188060901,0.04500602759,0.1643970175,0.1468500246,0.1413582176,0.2032415056,0.1518506943,0.07420636692,0.02696789749,0.003527258115
0.03801561637,0.06427951731,0.4003470305,0.1269027526,0.108525909,0.09772064043,0.07674106791,0.05544601309,0.02650051266,0.00465336383
0.05265546981,0.05803774074,0.2913559432,0.150703586,0.1162700214,0.1340380001,0.1005122884,0.06497633098,0.02678166137,0.004085338175
0.05363679771,0.08670221232,0.2252506764,0.1258156931,0.1445965303,0.143402833,0.1172608626,0.0720595257,0.02650007958,0.004297310202
0.04215304799,0.05669816565,0.122058551,0.1188623309,0.1304428386,0.1802853437,0.1788956828,0.1155271447,0.04678525107,0.006855660552
0.04314524846,0.04657339634,0.1994193768,0.1707588252,0.1373729887,0.154946107,0.127366503,0.08002100127,0.03459032089,0.005065011273
0.04108781369,0.05660168773,0.2134355308,0.1324391053,0.1207207871,0.1475476287,0.1444153738,0.09584699856,0.0414194642,0.005564358625
0.06354784627,0.06574026309,0.1563709053,0.146988651,0.1456022698,0.1635285014,0.1351882899,0.08224787207,0.03488522053,0.004513799329
0.06652154103,0.09163165089,0.1315749506,0.1246899205,0.1593681972,0.1682782362,0.1351693414,0.08211410925,0.03609578292,0.003999392497
0.06320579248,0.07051282051,0.1359107214,0.1526172446,0.1506576325,0.1698884018,0.1377042646,0.08296798193,0.03178557194,0.004052079182
0.06782980239,0.06831302932,0.1362191307,0.1671202218,0.1661283349,0.1582695389,0.1365497597,0.07215341184,0.02306772807,0.003738650525
0.08994992847,0.08652241297,0.1191583214,0.1600500715,0.1749523128,0.1510193133,0.1253278493,0.06720910825,0.02190629471,0.003397711016
0.03598263873,0.06888505157,0.3159565035,0.1173286041,0.1231623652,0.1261492509,0.1037009381,0.07121855603,0.03145564008,0.004526998647
0.06454348441,0.09064355036,0.1456704042,0.1261660228,0.1575897484,0.1646094413,0.1284274004,0.08527277867,0.03213040611,0.004569867144
0.09472725433,0.0684478629,0.1398306514,0.1870930743,0.15973417,0.1487366326,0.1082549,0.06305029855,0.02563843066,0.003440947273
0.05412250623,0.06627961347,0.1371571072,0.1383650249,0.1525093516,0.1978257481,0.1408198254,0.07980049875,0.0284834788,0.004169264339
0.0586824514,0.06470378119,0.1313976629,0.1464509874,0.156860744,0.1732918304,0.1466040721,0.09195284993,0.02536102465,0.004184313926
0.05447028424,0.06749354005,0.1314728682,0.1500775194,0.1512144703,0.1882170543,0.1450129199,0.08206718346,0.02666666667,0.002894056848
0.05603504929,0.05831325301,0.1386637459,0.1568017525,0.1437458927,0.1779627601,0.1522015334,0.08328587076,0.02865279299,0.003811610077
0.07719672714,0.08110992529,0.1463298945,0.149057275,0.1454602949,0.1797699514,0.1281078303,0.06403415155,0.02541602435,0.003438871102
0.04172489519,0.04382112198,0.1991415452,0.2074266321,0.1327610301,0.1601617089,0.1217308844,0.06697943701,0.02225993212,0.003443801158
0.06517223054,0.06787767525,0.1456592106,0.1624233055,0.1404415672,0.1690902942,0.1458524566,0.07285376105,0.02695782405,0.003430117397
0.0432760819,0.04837620941,0.1486162154,0.1458036451,0.1407410185,0.1973674342,0.1544663617,0.08546463662,0.03187579689,0.003375084377
0.07133899958,0.08992615299,0.1392225164,0.1447401421,0.167507315,0.1574195346,0.1277971297,0.07111606521,0.02697505922,0.003344015605
0.05947748749,0.06453079994,0.1443226035,0.162009197,0.1507908434,0.1638789226,0.1483147203,0.07701248168,0.02587295973,0.003183586841
0.05115362971,0.07118739449,0.1397298818,0.1312886888,0.1433314575,0.1926842994,0.1523353967,0.08244231851,0.0304445695,0.004558244232
0.08891679594,0.0950235158,0.1255324912,0.1340769742,0.1515352983,0.1659648864,0.1336829923,0.06988254414,0.02969638768,0.005269508261
0.06735751295,0.08350296077,0.1242135455,0.1406365655,0.1537287195,0.1686713546,0.1477146558,0.07536084382,0.03400259067,0.004533678756
0.05040777131,0.05956522949,0.1535335542,0.1586272163,0.1490244106,0.1842346981,0.1360536644,0.0782419907,0.02638683998,0.00320093523
0.04804861478,0.0613723862,0.1501094587,0.1461085529,0.1411640371,0.1813618178,0.1499584812,0.08673661961,0.03079942629,0.003963161471
0.05035318515,0.06337891258,0.1394271272,0.1357980688,0.1377098049,0.1915948416,0.1606830406,0.08408398678,0.03146264014,0.004925150671
0.0559494156,0.09063038896,0.1378297247,0.1308679824,0.1468991505,0.1783227949,0.1375742479,0.08149709395,0.03500031935,0.004598582104
0.086967025,0.1159560333,0.1216330475,0.1265853364,0.1872206788,0.1631839594,0.1068567057,0.05938720457,0.02689535773,0.004871763901
0.0299397696,0.05999649143,0.3613823753,0.1359569616,0.1068358576,0.1269516403,0.08829892989,0.06046430033,0.0261972984,0.003099233963
0.06301452785,0.06289346247,0.1767554479,0.1702784504,0.1541162228,0.160472155,0.1144673123,0.06579903148,0.02699757869,0.004237288136
0.07844867868,0.09672394995,0.131716941,0.1451118841,0.1749130367,0.1505633145,0.1134935881,0.0734125954,0.03089143866,0.00410155236
0.06589751147,0.08210872037,0.1401743231,0.1346583014,0.1558381406,0.1595435597,0.138826898,0.08391932292,0.03355930776,0.004715988042
0.04179630173,0.06780158497,0.2430290578,0.1221602583,0.1219254476,0.1408864103,0.1274434987,0.08811270913,0.03950689756,0.006750807162
0.06935097525,0.08627048401,0.1325044675,0.1331508308,0.1644043953,0.1606402798,0.1341393863,0.08258241132,0.03155773545,0.004524542793
0.1134553166,0.1328403252,0.0953481417,0.1361572551,0.2188901879,0.1330850167,0.08792583127,0.05679562818,0.02164160844,0.003180990185
0.08760770254,0.08257676517,0.1282021627,0.1510437749,0.1745214827,0.1594286706,0.1203955358,0.06638524258,0.02538599433,0.003353958249
0.08046440082,0.09756812189,0.1137928509,0.135218283,0.1734910636,0.1586214474,0.1284793437,0.07855991796,0.02944623498,0.003406094345
0.05861018424,0.07505198511,0.1851153344,0.1440108322,0.143962474,0.1496203878,0.1272305237,0.0782436288,0.03307703467,0.004545674356
0.04903677758,0.08017123954,0.1490562366,0.1220568204,0.1461373808,0.1901634559,0.1445320101,0.08099824869,0.03312901343,0.004037750535
0.04360016823,0.06841441189,0.1387214356,0.1236506379,0.1451703351,0.1796579279,0.1537221365,0.1012196832,0.03848310669,0.005467545212
0.0997519978,0.08283273629,0.13287407,0.163957013,0.15662717,0.1572333976,0.1177734913,0.06392945715,0.02132818958,0.002976026454
0.0490073026,0.07410999544,0.1628822455,0.1520424464,0.1555225924,0.1614559562,0.1174121406,0.08084208124,0.038224555,0.007701962574
0.05039895782,0.08361830321,0.1883650871,0.143217717,0.1571812408,0.1534766325,0.1092248819,0.07629050643,0.03269011562,0.004111708191
0.03625488281,0.06475830078,0.3026733398,0.1606445313,0.1284179688,0.1169433594,0.09069824219,0.06701660156,0.02746582031,0.004089355469
0.06856758186,0.09304226571,0.1670673655,0.1331201616,0.1606722123,0.1542770592,0.1118670962,0.07063518777,0.03413953936,0.005625811415
0.05754729822,0.06489723697,0.1553831496,0.1426432558,0.1462637811,0.1678780455,0.1418810399,0.08781815707,0.0317408466,0.003511637403
0.03911806543,0.05893111156,0.1782666125,0.1518492176,0.1539321276,0.1634322292,0.1304104857,0.08926031294,0.03038000406,0.004013411908
0.04516358464,0.06821953532,0.1293266951,0.1155168326,0.151730678,0.1711711712,0.157835467,0.1168800379,0.03953295401,0.00426742532
0.05745523512,0.07798293077,0.114464216,0.102973169,0.1542366263,0.1588665142,0.1489931388,0.140012272,0.03949350142,0.00502036035
0.05092035889,0.06419387661,0.1461936916,0.1340764037,0.1432337434,0.1735269633,0.1510961058,0.0928683748,0.03713810008,0.00504116178
0.05184437511,0.06799412736,0.1430537713,0.1183703432,0.1470453294,0.1763626353,0.147917049,0.09928427234,0.04239309965,0.005505597357
0.03737579512,0.04897517981,0.1836361369,0.1490874319,0.1408971854,0.1721614767,0.1397330894,0.09038373592,0.03325988442,0.00390803642
0.05533047347,0.08178423896,0.1285351128,0.1246027963,0.1539164283,0.1785033365,0.1489116619,0.0895694312,0.03233238004,0.005322529393
0.03888352497,0.06192398841,0.1740542438,0.1346440797,0.1410954095,0.1726937593,0.1454840692,0.09124023523,0.03510927763,0.0044325463
0.05253901254,0.06907137375,0.143355078,0.1393898695,0.1546431312,0.1711115375,0.1445382451,0.08956894346,0.03098618573,0.003837298542
0.04251033605,0.06145093466,0.1360118732,0.1225484999,0.1460122266,0.1857662815,0.1611364359,0.1013816743,0.0374924909,0.004841160465
0.09647882996,0.1253610275,0.1062803417,0.1229951453,0.2073680329,0.1523996805,0.1004424507,0.06129785534,0.02365882136,0.002949671235
0.05450259312,0.06793965111,0.1277699198,0.1269684111,0.1466289486,0.1709570957,0.1525695427,0.1023573786,0.042621405,0.006223479491
0.05352699677,0.06935804927,0.1311582483,0.1276125902,0.144065688,0.1735195322,0.153489674,0.1004914158,0.04055735258,0.005691714357
0.05664791901,0.07662542182,0.1445219348,0.1219347582,0.1510461192,0.1685489314,0.1467716535,0.09241844769,0.03577052868,0.004904386952
0.0563900268,0.07479896829,0.1349314722,0.1387245233,0.1458554595,0.1705355788,0.1520760633,0.08369999494,0.03646386487,0.005714863703
0.05094053044,0.06133894147,0.1534057717,0.1438836313,0.1466876972,0.1684776259,0.142014254,0.0945203879,0.03382404487,0.004439771001
0.06620689655,0.1070242656,0.1340485313,0.1235759898,0.1581609195,0.1787994891,0.1385951469,0.06017879949,0.02799489144,0.005210727969
0.0549620893,0.07774220725,0.138904802,0.1189216512,0.1469924179,0.1870261163,0.1531929233,0.08711036226,0.0299915754,0.004785172704
0.04948404128,0.07309815215,0.1352051836,0.1140868731,0.1479721622,0.1871850252,0.1589152868,0.09277657787,0.03508519318,0.005327573794
0.07275487151,0.09979525558,0.1240468794,0.1170926292,0.153840723,0.1755506919,0.1508401581,0.06647133578,0.03374752895,0.005506918949
0.06317947924,0.08774712733,0.1331682594,0.1375788293,0.1650868573,0.1649707896,0.1335938407,0.07706890548,0.03296320656,0.004333191473
0.06469519247,0.07837435982,0.1397323641,0.1451842062,0.1560548488,0.1735668264,0.1334544854,0.07549975219,0.03026598381,0.003105897902
0.0581745923,0.07633273948,0.1303275319,0.1224475812,0.1517747019,0.1842538029,0.1427984103,0.09387419487,0.03521995341,0.004111278608
0.06749420961,0.09858135495,0.1398016792,0.1268818761,0.1641213086,0.1802258251,0.1229733642,0.0629342791,0.03166618413,0.004921829763
0.06281101838,0.08056110654,0.1473296501,0.1431762078,0.1443125269,0.1766388464,0.1398456173,0.06904118177,0.03079816622,0.00501547745
0.04201374664,0.05758113706,0.1234011562,0.1132049706,0.1392871774,0.1762938686,0.1761573126,0.1212162593,0.04479038645,0.005280167509
0.06052066087,0.06355021665,0.1233663297,0.133617501,0.1387959277,0.1625744179,0.1716278578,0.09951738472,0.03934899778,0.006129566351
0.05574632244,0.07757853237,0.1820339989,0.1255670016,0.1506634448,0.1560473102,0.132943321,0.08393742846,0.03018356013,0.00466319047
0.06661671305,0.08074644973,0.1186755156,0.1242060943,0.1588881753,0.1662384928,0.1562120888,0.08773995576,0.03486048669,0.005245129523
0.0768516443,0.0719843735,0.1182874892,0.1560088379,0.1529667937,0.1572576772,0.1445451343,0.08315988344,0.03391078805,0.004547055621
0.07416609269,0.1145085113,0.1727590278,0.1330069861,0.1671258487,0.150792089,0.1062186362,0.0550280429,0.02253271672,0.003517662108
0.04416880424,0.1188376261,0.1839488387,0.1001440669,0.1547489371,0.1761130047,0.121437858,0.06398678801,0.03180013353,0.004603113251
0.06942456962,0.1255366203,0.138979229,0.1142621742,0.1811716751,0.1735397424,0.1054160704,0.05828021335,0.02922683318,0.003989419366
0.06494578029,0.1775498978,0.1326811253,0.07865786579,0.2057205721,0.1819896275,0.08938393839,0.04392582115,0.02117711771,0.003418198963
0.07322431926,0.2100922057,0.1094582913,0.07520530183,0.243336695,0.1613240167,0.07196369399,0.03540556116,0.01736061086,0.002161071892
0.05845948777,0.115157574,0.1263448539,0.09787679711,0.1731886128,0.1738074836,0.1243930306,0.08954584404,0.03541845187,0.005188993621
0.06317589658,0.08671595996,0.1382224234,0.1278607716,0.1479553342,0.1800211257,0.146295458,0.072657311,0.03063226196,0.005256274835
0.05010239558,0.09348954613,0.1610230033,0.1160641996,0.1552126494,0.1911225413,0.133257132,0.06853360004,0.02647997333,0.004191074915
0.04734697139,0.08590378776,0.1394837782,0.1104762666,0.1529886527,0.1833146875,0.1447179159,0.09201694103,0.03691865111,0.005713600767
0.1105675147,0.09321024419,0.1161831022,0.2088828384,0.1710201651,0.1302646133,0.09418871777,0.04964689866,0.02250489237,0.00336084404
0.07049680822,0.1039874179,0.1273475807,0.1353964289,0.1702285133,0.1685632343,0.1263299103,0.06291053752,0.02992876307,0.004672032565
0.06298012438,0.08748933057,0.1474210462,0.1543714181,0.1580904768,0.1779661017,0.124984758,0.05395683453,0.0281063285,0.004389708572
0.05437989437,0.07962119832,0.1201966855,0.1118193407,0.1500273174,0.1792751776,0.155017301,0.1012930249,0.04239664906,0.004953560372
0.07850428977,0.09261807853,0.1393517027,0.1481655003,0.1693361834,0.1658223771,0.1138766068,0.05806564961,0.02884249363,0.005241427777
0.06187591624,0.09241280115,0.1228390452,0.1237518325,0.1687550134,0.158852654,0.1326031035,0.09116809117,0.04135203164,0.005974607916
0.05824791511,0.07428158323,0.1845550076,0.1458521598,0.14497431,0.1534171594,0.1384420748,0.06968578142,0.02618057886,0.00395032403
0.06879014288,0.06425481715,0.1350111417,0.1652903395,0.1552759208,0.1588150478,0.1318128195,0.08352339756,0.03195700616,0.004666404509
0.06263915689,0.06872495176,0.1361882143,0.1400227599,0.1555588541,0.1695363911,0.1363366484,0.08745237742,0.03792489239,0.004799366682
0.04442217769,0.07226953908,0.160487642,0.1364812959,0.1482965932,0.1712174349,0.1434535738,0.08951235805,0.0288493654,0.004425517702
0.05836418714,0.08835408953,0.1503870751,0.139818243,0.1634129923,0.16580276,0.1233254796,0.07637159206,0.02965331538,0.003870750589
0.05905052499,0.08746896407,0.1352119417,0.128929971,0.1587244608,0.1720063418,0.1371264471,0.08289209967,0.03314487421,0.004846091717
0.04585436193,0.06359048306,0.1737923576,0.1575342466,0.1536049027,0.1536770007,0.1274333093,0.08536409517,0.03439077145,0.003965392934
0.07200982112,0.08951245177,0.1326552087,0.1607155384,0.1724658015,0.1496667836,0.1163802175,0.07320238513,0.02876183795,0.004279200281
0.1177727092,0.08359581478,0.101227327,0.1882625539,0.1876832845,0.1301183882,0.1022048441,0.06118533,0.0238948626,0.00333079903
0.06090973703,0.07754086709,0.1437455579,0.1512437811,0.1540156361,0.1634328358,0.1350746269,0.0802061123,0.02985074627,0.003624733475
0.05568543108,0.0827099308,0.1421357771,0.1364316439,0.1552739854,0.1678043763,0.1451748644,0.07836169815,0.03160650832,0.004254722274
0.05018963338,0.0811630847,0.1357142857,0.1338811631,0.147471555,0.1701011378,0.1517067004,0.09140328698,0.03324905183,0.004551201011
0.052510892,0.06432011007,0.1363219445,0.1364365971,0.1305893144,0.1835588168,0.1625773905,0.08954368264,0.03863792708,0.004930061912
0.08711688312,0.1291774892,0.1248658009,0.1254545455,0.1903722944,0.1454199134,0.1062164502,0.05922077922,0.025004329,0.004363636364
0.04300113523,0.06604974371,0.1509511851,0.13901407,0.1433485844,0.1746190099,0.1480615088,0.09477450205,0.0352953318,0.004472118064
0.04127587009,0.06689403922,0.1442911402,0.1359972095,0.1460351911,0.1695604992,0.145298814,0.1021626231,0.04267111077,0.005077125804
0.06255501069,0.07709878872,0.1396747559,0.1490632466,0.1637746762,0.1626430278,0.130328178,0.08038895176,0.03028207385,0.003667379186
0.0732578916,0.08468244085,0.1283231361,0.138069197,0.1604309925,0.167036656,0.1183063512,0.08040500298,0.04185391738,0.00601007093
0.06609971384,0.0803675789,0.1294587078,0.144532667,0.1570271251,0.1675466527,0.1313933336,0.08169763411,0.0362339285,0.005159002056
0.04945837202,0.07291860105,0.1372330548,0.1267099969,0.1417517796,0.1718972454,0.1441039926,0.09965954813,0.04945837202,0.005571030641
0.05977961433,0.07892561983,0.1319559229,0.1358126722,0.148415978,0.180922865,0.1334022039,0.08712121212,0.03767217631,0.005716253444
0.0639130061,0.07985902175,0.1314364308,0.1285566922,0.1487578441,0.1760079085,0.1384423622,0.08600532967,0.04010143557,0.006103326743
0.05081838325,0.08251733257,0.1617111,0.1317632764,0.1502394396,0.1672503752,0.1324065471,0.07990851262,0.03741691087,0.005217639911
0.1351169751,0.08991509376,0.1040254108,0.1604055953,0.1901533199,0.1346893898,0.09626779061,0.05943436565,0.02596053998,0.003115264798
0.0888794871,0.08168711557,0.1551729749,0.1536759202,0.1622351678,0.1451166726,0.1064861522,0.07075210727,0.0303967195,0.004849155466
0.07969589027,0.1050029241,0.1177096071,0.1363708863,0.1789568823,0.1605082673,0.1152639694,0.0725184752,0.02918815461,0.004253283003
0.05333213687,0.07660325437,0.1495872218,0.1360971524,0.1556293372,0.1667863125,0.1364261785,0.08793969849,0.03317181144,0.004127781766
0.04273691114,0.06634604875,0.1772324844,0.1466280468,0.1435129522,0.1682697563,0.1328560498,0.07645644333,0.03699857908,0.00688599847
0.08683650584,0.0660762551,0.1464719075,0.1760308241,0.1624590258,0.1660820059,0.1043188222,0.06038300075,0.02553338317,0.004198056242
0.03592608509,0.04834550924,0.4445208423,0.1595616674,0.09204984959,0.08912763214,0.06123764504,0.04391920928,0.02062741728,0.003652771809
0.04623695519,0.07059545734,0.21893186,0.1556046654,0.1427869859,0.1418047882,0.1089502762,0.07503990178,0.03435236341,0.004935543278
0.1055393586,0.08970621216,0.1060775959,0.1764072662,0.2009419152,0.1351424086,0.09589594079,0.05808477237,0.02812289751,0.003633101592
0.04354726084,0.06170253285,0.2770900781,0.1597156097,0.1377515394,0.134006221,0.09331555894,0.05871897416,0.02735986796,0.005268837682
0.073449775,0.08824651056,0.1755014873,0.1632217222,0.1702387308,0.1407978034,0.09099229654,0.06460224239,0.0286019373,0.003432232477
0.07286938981,0.08316523786,0.1584720121,0.1656580938,0.1687678601,0.150781644,0.102118003,0.06517902168,0.02773575391,0.004538577912
0.03433182355,0.05206866365,0.2589350284,0.2082365927,0.1463098999,0.1201994443,0.08666692041,0.05952879382,0.02789936437,0.004795797967
0.06541114058,0.05389920424,0.1977188329,0.2078514589,0.1449867374,0.1290185676,0.1027586207,0.06535809019,0.02779840849,0.00424403183
0.05398853093,0.0636393305,0.1682595925,0.1920369248,0.1565574153,0.1435031936,0.1133386172,0.0754347522,0.02895239871,0.004009510933
0.06538620832,0.08609442949,0.1494098157,0.1583143508,0.174622075,0.1468730586,0.1123420998,0.07532615448,0.02707599917,0.003727479809
0.04178554446,0.05248454589,0.2120779838,0.2007251545,0.1508559201,0.1283285782,0.1080599144,0.06847360913,0.03090822634,0.00523062292
0.05279487564,0.07591452735,0.1650402842,0.1794024921,0.1756493019,0.1442225892,0.1089426012,0.0679577641,0.02632237402,0.003002552169
0.06587841931,0.08719986432,0.1682698132,0.1692147409,0.1652654278,0.1405519347,0.1013980084,0.07038499746,0.02716061348,0.004336975747
0.08655537384,0.1340451137,0.1350016972,0.1309285031,0.1998025118,0.139815472,0.09164686642,0.05427839664,0.02425401919,0.00314746814
0.06985491671,0.07522837184,0.1395307183,0.1678756941,0.1509045316,0.1607110872,0.1199623858,0.07079527136,0.03734551316,0.006582482536
0.07609326064,0.07095077911,0.201407416,0.1693925685,0.1615435178,0.1434868345,0.09210068438,0.05517534702,0.02551908131,0.003711866373
0.05992210127,0.06296814142,0.1691051633,0.1704783781,0.1490562269,0.1707779886,0.1131029661,0.06821132528,0.03113452512,0.004244482173
0.1070133964,0.06402679275,0.1245074862,0.2098108747,0.1608747045,0.1504334121,0.1029944838,0.04921197794,0.02521670607,0.00390070922
0.0959651036,0.1606792335,0.1101729241,0.1116684842,0.2203146908,0.1555070883,0.08736563328,0.04081632653,0.01455055305,0.002773017604
0.05859901212,0.08502790429,0.1655654628,0.1765026621,0.1515812432,0.1631278466,0.1209185964,0.0534671884,0.02136121624,0.003463981012
0.06344358146,0.06824330221,0.1602234052,0.1809931059,0.1454315385,0.1648485906,0.1294179248,0.05833842395,0.02508944934,0.003272536871
0.05661301873,0.1316196148,0.1603030417,0.1129621952,0.1788850778,0.1845765331,0.09826241001,0.05416305454,0.01975048057,0.00260073122
0.05154735272,0.06445749441,0.1276565996,0.1335756898,0.1525447427,0.1906226696,0.1644761372,0.08482475764,0.02554064131,0.004194630872
0.07185380036,0.08380635932,0.124971157,0.1443998339,0.1580137524,0.1585675389,0.1520143984,0.07739166551,0.02515113757,0.003461165721
0.05945317756,0.07260382898,0.1310171876,0.1323016698,0.1450853263,0.1905926968,0.15542235,0.08141170714,0.02813627745,0.003241788489
0.0844632617,0.09003697947,0.1171552602,0.1411115279,0.1648534219,0.1556889437,0.1444879147,0.07251192454,0.02631437912,0.002894045769
0.06821725572,0.08816268191,0.1405275468,0.1448804574,0.1551455301,0.1724272349,0.1350051975,0.06873700624,0.02358367983,0.002858627859
0.1041299824,0.09108372019,0.1174163599,0.1854490155,0.1585561069,0.148231151,0.1193372819,0.05522650872,0.01656795262,0.003201536738
0.05528092024,0.0693031657,0.1303831163,0.13138131,0.1459739519,0.1770130241,0.1629907786,0.08684285578,0.03617263998,0.004563171404
0.0879623086,0.1459599529,0.1197644287,0.1026619552,0.1967020024,0.1686219081,0.1010600707,0.05187279152,0.02058892815,0.004475853946
0.06654623572,0.1457377209,0.1351430524,0.09442437262,0.1912410897,0.180060541,0.1068743287,0.05292451909,0.02284933112,0.003466458354
0.07686315789,0.1135368421,0.1276421053,0.1265052632,0.1761052632,0.1682736842,0.1195578947,0.06387368421,0.02347368421,0.003915789474
0.08494269739,0.1465677916,0.128920966,0.1153983424,0.1893563866,0.173771662,0.1016774398,0.0382281794,0.01713130031,0.003925922988
0.06803370417,0.1150681324,0.1251069712,0.1120071095,0.1748074518,0.1757948785,0.128727536,0.06543348035,0.02962280298,0.004838391153
0.08275296049,0.1792238246,0.109860476,0.09766678391,0.2202133896,0.1578848634,0.09236721773,0.03923085942,0.01671942783,0.003962949936
0.05436156764,0.06821055051,0.1565911964,0.1587173888,0.1567348581,0.1639466728,0.1384323641,0.0757671532,0.02361797495,0.003189288588
0.1012802007,0.1083556166,0.132303178,0.17624648,0.1833218959,0.1430464516,0.09621619063,0.04072505265,0.01616223763,0.002082396649
0.05793260129,0.06007825319,0.1963481846,0.2432159536,0.1406453784,0.1292860448,0.09285203416,0.04695191215,0.02688375615,0.005595523581
0.0662309974,0.07791064145,0.1566555432,0.1696329255,0.1457174638,0.1657860586,0.1327400816,0.06090100111,0.02062476826,0.00361512792
0.05610407352,0.06923745653,0.1345317933,0.148099851,0.1282911078,0.1740871833,0.1576626925,0.07842771982,0.04399528068,0.009190263289
0.07028942705,0.07239895367,0.165189998,0.1888448232,0.1629398363,0.141760189,0.1171209181,0.05926363457,0.01839507215,0.003544004725
0.07181337936,0.08060044981,0.1366703279,0.1635545792,0.1715047858,0.1547152048,0.1284586014,0.06972121973,0.01956169256,0.003085935457
0.06191159329,0.07477808661,0.1458352013,0.150273469,0.1485250605,0.1563256523,0.1535461311,0.07948534027,0.02443288801,0.003900295885
0.05832337531,0.06641235408,0.1390752827,0.1655942642,0.1533688758,0.1654563839,0.1453718173,0.07597205626,0.02624322088,0.003860648957
0.05494981303,0.06821491832,0.1685494981,0.1683526865,0.1476087384,0.16114938,0.1417831136,0.06408187365,0.02153119465,0.003503247392
0.05822978398,0.06507359969,0.1506786465,0.1750334544,0.1585547696,0.1529344294,0.136608679,0.07780539094,0.02217549226,0.002676352514
0.05408488607,0.05820926083,0.244859157,0.2399742592,0.1352268406,0.1248427765,0.09120425893,0.03486705473,0.01415742826,0.002427823442
0.03723013168,0.03248445959,0.1228527505,0.1721141635,0.1001269969,0.1594144776,0.2140231268,0.1022658913,0.05053138159,0.008689258739
0.04907361042,0.04068602904,0.1201176765,0.2033049574,0.1263144717,0.150225338,0.1663745618,0.09677015523,0.03949674512,0.0075112669
0.09574801504,0.1339061847,0.1241903468,0.121160677,0.1955704137,0.1500992478,0.100762641,0.05497806101,0.019718972,0.003604262432
0.09633780697,0.06246430611,0.1400271274,0.189106225,0.1585879497,0.1488792119,0.1168617933,0.06060822387,0.02273700742,0.003426613364
0.1006647673,0.09498884693,0.1216237108,0.150621701,0.1743192208,0.1480156364,0.1217120519,0.06170630977,0.02235031692,0.003710329292
0.0526692188,0.06495309411,0.1461865298,0.1517815826,0.1410962938,0.1599007194,0.1529594885,0.08897395987,0.03567372008,0.004669555341
0.06199751347,0.06655615416,0.1122668877,0.158806465,0.1500207211,0.155283879,0.1607542478,0.08781599668,0.03837546622,0.007749689184
0.05712703102,0.04929837518,0.1727658789,0.2062961595,0.145014771,0.1456240768,0.1300590842,0.06907311669,0.02158419498,0.002788035451
0.0898775013,0.1245967469,0.1207616126,0.132537731,0.1973515013,0.1483520202,0.1109932998,0.05572224604,0.01646851806,0.002819951722
0.1001525719,0.09691041848,0.1221392764,0.1756756757,0.1794899738,0.1425457716,0.108326068,0.05334568439,0.018744551,0.00247929381
0.09155989239,0.09206146551,0.1356071315,0.1880443208,0.1708540422,0.1432219233,0.1155442068,0.04422962929,0.01577675437,0.002963841138
0.06197313215,0.05858578082,0.1658262443,0.2140190154,0.1681742946,0.1384964779,0.1073559413,0.05977905231,0.02259517302,0.002386542977
0.04709612559,0.0505374681,0.122109659,0.1488670636,0.1587657567,0.2106565618,0.1456577218,0.08178021808,0.03046941459,0.00340267574
0.06497618043,0.05406138817,0.1621540131,0.1864258578,0.1465657601,0.1728878972,0.1239220889,0.06380027739,0.02240246035,0.002773925104
0.05979304014,0.08591337728,0.1447884503,0.1276808812,0.1543436535,0.1699490946,0.1471250939,0.08015521989,0.02607861137,0.003963948928
0.06908323069,0.08284356854,0.1316206229,0.124019004,0.1597747668,0.1783916945,0.1403484075,0.08030969558,0.02998416329,0.003343304593
0.07463144963,0.07450859951,0.1203009828,0.1518734644,0.1529791155,0.1554054054,0.1533476658,0.08645577396,0.02653562654,0.003685503686
0.06324489703,0.07087081602,0.1245262341,0.1440705055,0.1553952235,0.168318188,0.1582720672,0.08151057126,0.029773049,0.00351614229
0.05737704918,0.05515710383,0.1737534153,0.1947575137,0.1424180328,0.1400273224,0.1272626366,0.07701502732,0.02817622951,0.003799521858
0.06396109204,0.0848046428,0.1297204512,0.1413683178,0.1612718653,0.1653179663,0.1443518064,0.08055419323,0.02468530325,0.003514794834
0.0345239676,0.02821670429,0.1104766963,0.139888461,0.1601380959,0.2833621033,0.1517062807,0.06121365025,0.025162661,0.003784357987
0.04702668139,0.04938092193,0.1175957682,0.1379701215,0.1581991513,0.2321688078,0.1448584549,0.07943381968,0.02880311574,0.003691216648
0.06394574301,0.07372532397,0.1307072787,0.1395785394,0.1492672884,0.1760627346,0.1498728352,0.08444350248,0.02830931331,0.003845222236
0.1130433225,0.0899582714,0.1160520802,0.1666636818,0.1688307037,0.135555277,0.1146193384,0.06771495603,0.02403424253,0.003384852338
0.03560209424,0.03109142167,0.2381393476,0.2250503423,0.1325815546,0.1682239227,0.1047523157,0.04740233588,0.01482078131,0.001973419251
0.07721146122,0.05404802285,0.1730563242,0.2031598679,0.1482861733,0.1542443988,0.1101044363,0.05690440061,0.02041863786,0.002186914219
0.05366479703,0.06307633805,0.138083468,0.1366574769,0.1440726305,0.2163703774,0.1494438635,0.07201254872,0.02248312577,0.003374845518
0.04783482675,0.05243432932,0.1404722156,0.1428230725,0.1461619706,0.2277605533,0.1464345337,0.06810670846,0.02371299104,0.003509250111
0.04871951558,0.06055219154,0.1372701517,0.1324370868,0.1496027998,0.2272651519,0.1453808122,0.07282928726,0.02216543525,0.002944280873
0.06067706898,0.0668522909,0.1405965705,0.1451728511,0.1533881017,0.1871864145,0.1377295032,0.07721784198,0.02646523681,0.004107625296
0.07411722531,0.09786700125,0.1156569278,0.1167772002,0.1620362072,0.1731493099,0.1420057358,0.08191432156,0.03020254526,0.004615522495
0.05226876091,0.06570680628,0.1320244328,0.1320244328,0.1416230366,0.1827225131,0.1666666667,0.09136125654,0.0315008726,0.003752181501
0.05745760388,0.07359327147,0.1299995429,0.1280340083,0.1470037025,0.1934908808,0.1563285642,0.08195822096,0.02834026603,0.003108287242
0.05108035931,0.07312454479,0.1267783443,0.1202719107,0.14935664,0.1859674678,0.1539694101,0.09458606458,0.04000971109,0.004030104394
0.08885364095,0.08458543619,0.1148089402,0.1586157174,0.161297765,0.1489545782,0.1180677722,0.07760634463,0.04057678443,0.005912040375
0.05712545105,0.04911195464,0.1717512536,0.2036646516,0.1417592202,0.1503350672,0.1252636019,0.06757580018,0.02896105722,0.003749004171
0.07366640715,0.06190770222,0.1997100593,0.2178850439,0.1395742168,0.1285940562,0.09919729389,0.05186716422,0.02319525356,0.003597412011
0.07188019967,0.05757071547,0.1563505269,0.2433721575,0.1610094287,0.1188574598,0.09911259013,0.06261785912,0.02468108708,0.004048807543
0.07690271343,0.0730641959,0.1652768586,0.2271343481,0.152525921,0.1370394882,0.09578645489,0.04853298037,0.02073681888,0.002735495257
0.03915647233,0.05082663664,0.1794031837,0.1700363413,0.1462353483,0.1670676153,0.1288324717,0.07928545836,0.03388442443,0.004197164355
0.07208722066,0.06709698416,0.1235625949,0.150574962,0.1523649382,0.1864287264,0.1389129963,0.07675200694,0.02798871773,0.003796919071
0.03850843325,0.06634830319,0.1343222922,0.1256858362,0.1435683804,0.2017882544,0.1602316602,0.08717740297,0.03596829913,0.004978662873
0.07197923222,0.06316865953,0.1189427313,0.1470264317,0.1552076778,0.1969792322,0.1451384519,0.07072057898,0.02580239144,0.003854625551
0.05800427729,0.06108184237,0.1634239215,0.1611287883,0.1426112357,0.1689531063,0.1373428616,0.07281831934,0.02983673256,0.00412080747
0.1052631579,0.08631385093,0.1401570224,0.1734515848,0.1626926432,0.1560531162,0.1018222351,0.05001453911,0.0210332461,0.002665503538
0.04582344862,0.05843426146,0.1311025097,0.128605319,0.1537020852,0.2156948433,0.1461480834,0.08602821825,0.02959170933,0.00393307529
0.04855907781,0.04082612872,0.109221902,0.1502401537,0.1606628242,0.2555235351,0.1384245917,0.06926032661,0.02439961575,0.002641690682
0.05605004468,0.06091152815,0.1236461126,0.1501697945,0.1496693476,0.2162645219,0.1437712243,0.06991957105,0.02655942806,0.002895442359
0.06846609612,0.05892034233,0.120556287,0.1549127716,0.1515388413,0.1948238973,0.1433508887,0.0750082291,0.02744404213,0.004402567479
0.04387291982,0.03205820906,0.2307110439,0.2430660615,0.128917225,0.1339961098,0.1077732152,0.0553994669,0.02006339601,0.003277861826
0.05957366712,0.04969177921,0.1351465813,0.1796621335,0.1548162439,0.1877558703,0.125923486,0.0728906875,0.02969272034,0.004046868383
0.1011792021,0.08981487139,0.1169426285,0.1873892589,0.1795991935,0.1264434533,0.1076250993,0.06170953748,0.0248060121,0.003696462394
0.03032967033,0.04593406593,0.1703296703,0.1515018315,0.1282051282,0.1883516484,0.1517216117,0.09047619048,0.03648351648,0.005641025641
0.06553893412,0.07311325717,0.2390540512,0.1393254645,0.1410928065,0.1354962234,0.108859854,0.06507605883,0.02714132424,0.004523554041
0.08229383229,0.06902286902,0.1566528067,0.1718988219,0.1556133056,0.146985447,0.1157311157,0.06735966736,0.02924462924,0.004296604297
0.05376385766,0.06779595317,0.1672222653,0.1702845182,0.1503992558,0.1546631522,0.1216760989,0.08035506628,0.02926583456,0.004031320257
0.06247686976,0.06725431484,0.1573192477,0.1701376039,0.1527100225,0.155166033,0.1245163678,0.0754970898,0.03081788514,0.003734481714
0.0369395345,0.04141072249,0.2251890853,0.2010363127,0.1279929798,0.1399857925,0.1298315992,0.07375370858,0.02089340186,0.002674355439
0.085848319,0.06555903049,0.1359265051,0.1669272869,0.1544175137,0.1478498827,0.1345973417,0.07892885066,0.02533229085,0.00379202502
0.05425467305,0.05196032121,0.1759902827,0.1784870774,0.1440043188,0.1476482894,0.1332073689,0.08205681895,0.02746474121,0.004521222755
0.07434183604,0.06745328059,0.1544127677,0.1773973537,0.1572773155,0.1510025917,0.1202428045,0.06738507707,0.02530350566,0.004365025235
0.06118489026,0.1083083436,0.1668472646,0.1421767507,0.1732479903,0.1503162563,0.1038227957,0.06312526775,0.02638409394,0.003981553814
0.06641575426,0.1005930657,0.1340100365,0.1308166058,0.1762469586,0.1771973844,0.1232892336,0.06227189781,0.02501520681,0.003915754258
0.07359096661,0.08483403095,0.1737564489,0.1664070865,0.1610045751,0.1351601285,0.1046432396,0.07110873163,0.02530906259,0.003601674292
0.06984453589,0.0666438043,0.1996742112,0.1429469593,0.1434613626,0.151177412,0.1143975766,0.07207361683,0.03266460905,0.005515546411
0.06220711201,0.06278905939,0.1767282306,0.1705105823,0.1362982021,0.1469876566,0.1280284235,0.07602070508,0.03430426659,0.005206897608
0.06613190731,0.06171122995,0.1360071301,0.1657754011,0.1493761141,0.1587165775,0.1392513369,0.08638146168,0.03080213904,0.004598930481
0.05221225248,0.06045018564,0.1916769802,0.172919245,0.1397354579,0.1412438119,0.1294477104,0.0817605198,0.02653155941,0.003674195545
0.0876491535,0.07409258449,0.1238833011,0.1678015868,0.161929156,0.1466233523,0.1238833011,0.07559192853,0.03298556881,0.004123196102
0.04284532672,0.04843672457,0.2551861042,0.2086683209,0.1252274607,0.1202977667,0.1056410256,0.06875103391,0.02133995037,0.003043837883
0.04540358744,0.05151345291,0.3223654709,0.2096973094,0.119338565,0.0985426009,0.07757847534,0.05381165919,0.01860986547,0.002578475336
0.02913165266,0.04207905384,0.2875194522,0.1954559602,0.1152194211,0.1261126673,0.1037037037,0.07220666044,0.0253968254,0.002614379085
0.04718241889,0.06258816542,0.2213230381,0.1914024798,0.1415472567,0.1330091321,0.1089538941,0.06826787438,0.022607469,0.002784171059
0.0579887318,0.04576379292,0.2113851387,0.204847454,0.1278303391,0.1411714681,0.1173594132,0.07005421495,0.0201977251,0.003242266397
0.03197638155,0.03887895547,0.2791384257,0.2041664934,0.123414695,0.1260343465,0.1081541852,0.06345378186,0.02220466547,0.002203833839
0.03720669822,0.0476408612,0.2297551789,0.1761592101,0.1301470962,0.1467908587,0.1210362905,0.07924874027,0.02743421387,0.003919173411
0.03629296236,0.0490589198,0.2484451718,0.1983224223,0.1356792144,0.1305237316,0.1113747954,0.06387070376,0.02254500818,0.003109656301
0.04130736064,0.05043116723,0.2299815214,0.1708500154,0.1402833385,0.1673467816,0.1107560825,0.06467508469,0.02109639667,0.002694795196
0.01807202555,0.02367304074,0.3784185884,0.2582593095,0.1122828513,0.08510917604,0.06651205531,0.0423139194,0.01273355796,0.001969106901
0.07872116752,0.09269680292,0.1080947375,0.1251623276,0.1897841816,0.1635644054,0.129985777,0.08070001855,0.02652897162,0.003957702059
0.04275254723,0.04649019507,0.2157083611,0.1868311914,0.1337361118,0.1605140546,0.1229327735,0.063437612,0.02380830475,0.003276841944
0.03230602322,0.04275324467,0.2800257162,0.2052879013,0.1460200104,0.1283802789,0.08960501467,0.05275846828,0.02005062884,0.002330534014
0.06586655236,0.07598228318,0.1620231462,0.1630518646,0.1559651379,0.1471924561,0.1233319046,0.07752536077,0.0254322046,0.003143306187
0.06992802006,0.09842686382,0.1293033254,0.1327883269,0.1702439501,0.1583232909,0.1247109403,0.08113213692,0.02996449858,0.004201543823
0.0369065593,0.04960017894,0.3138455516,0.1904602136,0.1171224068,0.1167589331,0.09467091651,0.05899457585,0.01864899625,0.002432477772
0.05011613993,0.07028225523,0.1478496516,0.1372210882,0.1482015908,0.1809671289,0.1426409516,0.08925177729,0.02921095235,0.003765749279
0.04013526026,0.06742884747,0.1247534318,0.11646069,0.144881446,0.1810716155,0.1666599573,0.1087717886,0.04186626947,0.006843524818
0.05904024768,0.0759752322,0.1539628483,0.1417647059,0.1540866873,0.1633126935,0.1429411765,0.08034055728,0.02526315789,0.0026625387
0.07386814932,0.09148250245,0.1358688034,0.1774984815,0.1803485493,0.1393262627,0.1127879269,0.06214082138,0.02195953838,0.004578797365
0.07977628871,0.08805993774,0.1472590091,0.208357516,0.1770695932,0.1309027595,0.09423310294,0.05402838601,0.01567034243,0.003746108795
0.05481738237,0.08720071892,0.1690095642,0.1657038321,0.1587072341,0.1530586045,0.1143847487,0.06852172797,0.02407086463,0.003979716285
0.09795152463,0.1320093823,0.1138702111,0.1267240031,0.203252541,0.1473964034,0.09560594214,0.05751368256,0.02117279124,0.004003127443
0.0755889665,0.114952054,0.1346927903,0.1486918433,0.1908961762,0.1613590624,0.09938439683,0.04930744643,0.02024387356,0.004232271812
0.05220120591,0.1599900884,0.1248038325,0.07731064673,0.1945155695,0.1737011646,0.1029156686,0.08276203849,0.02766994301,0.003138680102
0.09614626603,0.1074254874,0.1345320033,0.1777690185,0.203298869,0.1250416907,0.08993056608,0.04772444741,0.01473575695,0.002819805342
0.1196790592,0.1694126294,0.08544129356,0.1016108287,0.2328045569,0.1297850187,0.07980645556,0.05659337294,0.0194156918,0.003858639064
0.09084218757,0.1326985879,0.1115864036,0.1235913711,0.2078561244,0.1521549147,0.09774159422,0.05671312267,0.0223080815,0.003909663769
0.09206869168,0.1121203097,0.1189199921,0.1435378201,0.1881576335,0.1443815763,0.1139070876,0.061048243,0.02084574151,0.004764740917
0.0711351755,0.1327483196,0.1273338312,0.1170649739,0.1897871546,0.1615944735,0.1045556385,0.06221994025,0.02819268111,0.005087752054
0.06936972649,0.07775072201,0.1468939351,0.17826604,0.1643354663,0.1407780735,0.1182399909,0.07389999434,0.02502972988,0.004700152897
0.05865813457,0.08076401008,0.1426216793,0.1583769634,0.1524626721,0.1591041303,0.1376284662,0.07998836533,0.02549932131,0.004314523948
0.06349712827,0.09367307868,0.1329656304,0.1405779925,0.1532500684,0.1654663142,0.1442246331,0.07457379889,0.02648372687,0.005105296745
0.07216280328,0.1103666403,0.1365017271,0.155104249,0.1834866203,0.1474884515,0.09838112281,0.0672936868,0.0250114445,0.003703857838
0.09743657389,0.09409488634,0.1219935804,0.1572132085,0.1744932507,0.1399771358,0.1229389263,0.0647891659,0.02211669525,0.004836653036
0.06724814653,0.07296118622,0.152376799,0.2023549935,0.1706498038,0.1466201483,0.1119930222,0.05586567815,0.01596162233,0.003663323157
0.1168760537,0.06852667646,0.1100233861,0.1585903084,0.1638657747,0.1395007342,0.1316147278,0.07896883668,0.02670364932,0.004731603851
0.05842501448,0.1002316155,0.1425014476,0.1486971627,0.1792704111,0.1460335843,0.1039374638,0.0812970469,0.03416328894,0.004863925883
0.03156882422,0.03984780064,0.2078942967,0.2574845292,0.1650359592,0.1201705971,0.0972570664,0.0568656966,0.02023749791,0.00284328483
0.05313257974,0.06077525056,0.1661708846,0.2160541852,0.1719829756,0.1352340854,0.1023294128,0.06882980184,0.02059402316,0.00402727564
0.06231573305,0.09635486465,0.1464084696,0.1508978826,0.16369606,0.164500134,0.1214151702,0.06908335567,0.02050388636,0.004288394532
0.08236719722,0.1142988144,0.130346499,0.1707932141,0.2145149669,0.1338507893,0.07977991747,0.05469312897,0.01630968756,0.002652780507
0.08169921642,0.2218288851,0.1000357981,0.06630603397,0.2468080029,0.1496360527,0.07672725826,0.04069050555,0.01340439919,0.002267212919
0.03909564211,0.1232645584,0.170603548,0.1668434246,0.2009737755,0.1579251832,0.07447936753,0.05013497879,0.01446201311,0.001783648284
0.03011836082,0.03984182444,0.2153516969,0.2862598521,0.1654884754,0.117494109,0.0821754557,0.04544838981,0.01449039842,0.002681400829
0.08267433501,0.1475091195,0.1291902974,0.1471097265,0.2320472881,0.128178502,0.06882871369,0.04670234577,0.01453790239,0.00268924568
0.08311861395,0.1035095513,0.138071968,0.1516659263,0.1737450022,0.1570857397,0.1126166148,0.05575299867,0.01981341626,0.004309195913
0.08650629745,0.139736467,0.1190843247,0.1103580674,0.1942174002,0.160039559,0.103231624,0.06122923878,0.02100119259,0.004130428459
0.05851451919,0.08711513206,0.1177586458,0.1060849263,0.1437326718,0.1659127389,0.1752517146,0.1031664964,0.03356194367,0.007004231723
0.0624725516,0.090085639,0.1475076856,0.1584870444,0.1642512077,0.1701800615,0.1279644269,0.05703776899,0.01806104523,0.003568291612
0.09607997026,0.1405262506,0.1093395018,0.1301582056,0.1911272667,0.1525052666,0.1159073072,0.04415713165,0.01577925565,0.0042133091
0.04790456175,0.07806898257,0.1448881197,0.145135369,0.1392631969,0.1633700087,0.1571887749,0.08641364816,0.03096798121,0.006428483125
0.07032247322,0.1027918077,0.1125048565,0.148637398,0.1744463562,0.1465282788,0.1382028085,0.08009102514,0.02242326691,0.003774213243
0.04302377462,0.04072917331,0.1091847791,0.1571801899,0.1103320798,0.1526547262,0.2124418382,0.1208490025,0.04378864172,0.009497099879
0.1057848301,0.1013845367,0.1225415028,0.1606773785,0.1736782452,0.1347200925,0.1088072538,0.05971509212,0.02675733938,0.00566704447
0.0821104877,0.103258524,0.119047619,0.1301970939,0.1806574594,0.1449431736,0.1129333909,0.08736153072,0.03287296792,0.006006330024
0.08156388144,0.0840278281,0.1437060657,0.167186028,0.1762446554,0.1476918617,0.1088484673,0.06409884774,0.02097978114,0.004782955287
0.05314539285,0.1698773166,0.1343252415,0.0904724615,0.1973114069,0.1772122161,0.1061863743,0.05296267293,0.015009136,0.002923518664
0.07480035492,0.1162377995,0.1335403727,0.1299911269,0.1669476486,0.1724933452,0.1302129547,0.05616681455,0.0157054126,0.003504880213
0.0503955854,0.06535469716,0.1228641713,0.1475300844,0.1466657802,0.1848946214,0.1654145336,0.08377102586,0.02898743435,0.003590186823
0.07894128525,0.08244721837,0.1512174449,0.1710587147,0.1591154261,0.146208969,0.124479889,0.06110340576,0.02149791956,0.00362151333
0.05271941136,0.08177197906,0.1397254039,0.1309261928,0.1583857999,0.1814458014,0.1442008648,0.08146855799,0.02579079117,0.003337631799
0.06537934323,0.08570236605,0.1128791942,0.1365397223,0.1610942249,0.1721795101,0.1424399547,0.08623875082,0.03105071816,0.005661839204
0.05314104131,0.08286482523,0.1226106087,0.1142507944,0.1505744317,0.1823515033,0.1610853092,0.09244683451,0.03475922757,0.005084331459
0.04878413394,0.0732011162,0.1253737293,0.1196432131,0.1451066374,0.1947877217,0.1625971696,0.08924656169,0.03388479171,0.005730516245
0.0701050969,0.1046716481,0.1534536176,0.1453131644,0.1659680457,0.1682157828,0.1157280846,0.05054370937,0.02199137355,0.003584229391
0.04819412669,0.05066946705,0.1944267337,0.2270187151,0.1415819675,0.1427446274,0.1182537599,0.05644526122,0.01770243408,0.002850391929
0.07376523412,0.1517532606,0.1201624973,0.09658969425,0.186551208,0.1674684627,0.127752833,0.05254436605,0.01870857387,0.004703870002
0.07441051884,0.08347004236,0.1425283416,0.1470825886,0.1491638305,0.1754119635,0.1386841654,0.05996425161,0.02431380231,0.004750128547
0.05334267804,0.05657438773,0.1841685161,0.2211579644,0.1421952264,0.1458162987,0.1184051707,0.05727524043,0.01779387143,0.002881283339
0.08073668013,0.09371994614,0.1431525293,0.1506539719,0.1536353145,0.1658011156,0.1333429506,0.05491440662,0.01985958838,0.003654548952
0.05232506578,0.0595086765,0.1725840305,0.2173411772,0.1530138647,0.1506193278,0.1158541993,0.05800100511,0.01823986756,0.002305850356
0.05415890751,0.06601489758,0.1699255121,0.2150527623,0.1637492241,0.1470515208,0.1113594041,0.05235878336,0.01663563004,0.003289882061
0.06249323471,0.0707919899,0.158037164,0.1789644597,0.1453364604,0.1779180949,0.1284502977,0.05455529497,0.02013350171,0.002994768176
0.1150543381,0.08106182077,0.1323000178,0.2009976839,0.155460538,0.1449135934,0.1129877071,0.04347051488,0.01154462854,0.002066631035
0.079395875,0.1086469868,0.1409127541,0.1486732531,0.1717458138,0.1611497478,0.1186460914,0.04924932096,0.01832671701,0.003014655404
0.06748610719,0.07732881228,0.15988509,0.1735895262,0.1397287369,0.1677498352,0.1366205143,0.05514740511,0.01855514741,0.003343694076
0.05982592457,0.05092206623,0.1799446427,0.2624804082,0.1447627305,0.11858472,0.1049788242,0.05225597759,0.0221429286,0.003768299596
0.04556583243,0.06396218716,0.1789309032,0.2164717084,0.1554338955,0.1480209467,0.1164989119,0.05467899891,0.01775027203,0.002244287269
0.135521008,0.1053347233,0.0944114581,0.1524271405,0.197434619,0.1333907447,0.1088247292,0.05216878938,0.01636223542,0.003218057381
0.08800458059,0.1000858861,0.1195533925,0.1452619525,0.159347266,0.1547666762,0.1372459204,0.06504437446,0.02513598626,0.00486687661
0.06126090404,0.108445678,0.1291633624,0.1100317209,0.1443298969,0.1658406027,0.1436360032,0.09080095163,0.03935368755,0.006938937351
0.1186260623,0.1626988451,0.09160492482,0.1203693615,0.242345827,0.1303933319,0.07659620832,0.04162126825,0.0126116801,0.002315319242
0.09561207378,0.1117942985,0.1144214645,0.1344605925,0.1765790945,0.1483230855,0.1294577977,0.06654555618,0.01869759642,0.003717160425
0.08213525885,0.09364322094,0.1364837857,0.16124041,0.1588872413,0.1645283992,0.1207207788,0.05615369738,0.02104957772,0.004996454129
0.1663491391,0.1257761784,0.09582274908,0.1802145075,0.2011360429,0.1146274344,0.0733488569,0.03037679932,0.009490544736,0.002751905165
0.07920667796,0.13980418,0.1255256386,0.1081717191,0.1730057114,0.1575346765,0.1181510073,0.06439465261,0.02883951547,0.004895499906
0.1264100049,0.09919077979,0.110899951,0.1674227563,0.173737126,0.147621383,0.1167851888,0.04245340853,0.01250613046,0.002728052967
0.08101694915,0.09774011299,0.1264783427,0.1598870056,0.1624105461,0.156346516,0.1320527307,0.0588700565,0.02048964218,0.004293785311
0.06856751043,0.1454202617,0.1250214273,0.1084509457,0.1782755271,0.1598194389,0.1369064625,0.05376835609,0.01839894863,0.005028284098
0.1217591197,0.1304265903,0.09711335544,0.1461034067,0.2059843232,0.1341950558,0.101635514,0.04062405788,0.01635514019,0.004823635815
0.1125973904,0.08805031447,0.1092649958,0.1736600019,0.1672298883,0.1513658124,0.1261616446,0.05068994649,0.01689664883,0.003895616258
0.09292516137,0.06793634563,0.1312072602,0.1898127437,0.1577938263,0.1450757334,0.1206621078,0.07036492618,0.02070684476,0.002748130632
0.1124308493,0.1054886647,0.1082546914,0.1462739993,0.177568066,0.146382471,0.1255559171,0.05635101421,0.01773511227,0.003525328127
0.05588245783,0.0670090225,0.1393673549,0.1506722299,0.1498163404,0.170072394,0.1552726365,0.08059626975,0.02628294283,0.004529082415
0.05233857085,0.05098340842,0.1544885177,0.1786983115,0.1446361206,0.1675273779,0.145881405,0.07552283632,0.02585796433,0.003552723144
0.07851786502,0.08768318385,0.1344410136,0.1660540117,0.1686026565,0.1504680684,0.1255697692,0.06371612018,0.02087928246,0.003822967211
0.04725852726,0.05084475614,0.1626952502,0.1781558814,0.1458399745,0.1652056105,0.1458798215,0.07511157157,0.02470513229,0.003626075869
0.05641370047,0.0794996642,0.1569845534,0.1529969778,0.1555574211,0.169996642,0.1339825386,0.06988750839,0.02098723976,0.003232034923
0.02189781022,0.03284671533,0.0802919708,0.09489051095,0.200729927,0.1204379562,0.200729927,0.1459854015,0.04379562044,0.02919708029
0.0702037227,0.08559284772,0.1431555034,0.1492378719,0.1489081049,0.1680712297,0.143558552,0.0637549465,0.02286384288,0.004213688993
0.06368952391,0.07648811166,0.1369779886,0.1546036299,0.1589617697,0.1704639488,0.1368124897,0.07295746676,0.02452143212,0.003861642853
0.05386903092,0.05493518882,0.1427809887,0.180938219,0.1467369957,0.173166489,0.1408731272,0.07687559621,0.02488637001,0.004264631614
0.05697550586,0.06732694356,0.1531203408,0.1644728435,0.14828541,0.1654952077,0.1466666667,0.07026624068,0.02298189563,0.003919062833