번호,자치구,동,공원수,유치원,초등학교,중학교,고등학교,특수학교,학원,여가시설,음식점,의료시설,공기오염도,cctv,노인복지시설,체육시설,공공도서관
3,종로구,사직동,6,1,1,1,1,1,41,25,678,39,0.091982161,100,4,1,1
4,종로구,삼청동,7,2,1,1,1,1,11,2,317,11,0.111425545,120,5,2,1
5,종로구,부암동,11,2,2,1,2,1,41,6,180,11,0.169755696,183,8,2,1
6,종로구,평창동,40,7,6,4,6,2,61,13,214,20,0.663318513,715,29,7,3
7,종로구,무악동,2,1,1,1,1,1,24,6,64,16,0.026921608,29,2,1,1
8,종로구,교남동,2,1,1,1,1,1,12,8,140,20,0.026173786,29,2,1,1
9,종로구,가회동,3,1,1,1,1,1,17,10,233,10,0.040382412,44,2,1,1
10,종로구,종로1.2.3.4가동,11,2,2,1,2,1,192,132,1938,140,0.175738276,190,8,2,1
11,종로구,종로5·6가동,3,1,1,1,1,1,0,0,0,0,0.044869347,49,2,1,1
12,종로구,이화동,4,1,1,1,1,1,36,44,429,30,0.058330151,63,3,1,1
13,종로구,창신1동,2,1,1,1,1,1,26,13,181,20,0.023182496,25,1,1,1
14,종로구,창신2동,2,1,1,1,1,1,10,12,90,11,0.019443384,21,1,1,1
15,종로구,창신3동,2,1,1,1,1,1,11,0,20,4,0.017199916,19,1,1,1
16,종로구,숭인1동,2,1,1,1,1,1,15,2,77,12,0.017199916,19,1,1,1
17,종로구,숭인2동,2,1,1,1,1,1,30,17,177,20,0.026173786,29,2,1,1
18,종로구,청운효자동,12,2,2,1,2,1,31,5,244,13,0.19219037,207,9,2,1
19,종로구,혜화동,5,1,1,1,1,1,52,34,547,28,0.083756114,91,4,1,1
21,중구,소공동,7,2,2,1,2,0,25,19,758,52,0.177077877,121,6,3,1
22,중구,회현동,7,2,2,1,2,0,15,30,658,74,0.156574123,107,5,2,1
23,중구,명동,8,2,2,1,2,0,42,67,1348,163,0.184533787,126,6,3,1
24,중구,필동,9,2,2,1,2,0,23,22,319,24,0.212493452,145,7,3,1
25,중구,장충동,10,2,2,2,2,0,9,12,169,6,0.25350096,173,8,4,1
26,중구,광희동,6,1,1,1,1,0,23,29,568,43,0.137934346,94,4,2,1
27,중구,을지로동,5,1,1,1,1,0,18,21,340,21,0.111838659,76,4,2,1
28,중구,신당5동,3,1,1,1,1,0,17,8,164,17,0.072695128,50,3,1,1
29,중구,황학동,3,1,1,1,1,0,5,10,152,14,0.061511262,42,2,1,1
30,중구,중림동,4,1,1,1,1,0,17,8,151,25,0.089470927,61,3,2,1
31,중구,신당동,5,1,1,1,1,0,28,26,264,18,0.102518771,70,3,2,1
32,중구,다산동,4,1,1,1,1,0,37,25,209,40,0.09506286,65,3,2,1
33,중구,약수동,4,1,1,1,1,0,67,21,172,51,0.089470927,61,3,2,1
34,중구,청구동,3,1,1,1,1,0,50,11,106,16,0.06337524,44,2,1,1
35,중구,동화동,2,1,1,1,1,0,37,15,82,15,0.048463419,33,2,1,1
37,용산구,후암동,5,1,1,1,1,0,31,3,128,15,0.072748057,94,5,2,1
38,용산구,용산2가동,10,2,2,1,1,0,15,11,159,6,0.165797897,214,10,3,1
39,용산구,남영동,6,1,1,1,1,0,38,43,359,41,0.100663009,130,7,2,1
40,용산구,원효로2동,4,1,1,1,1,0,31,17,79,6,0.060059442,78,4,1,1
41,용산구,효창동,3,1,1,1,1,0,28,2,60,14,0.037219936,48,3,1,1
42,용산구,용문동,2,1,1,1,1,0,23,5,95,13,0.023685414,31,2,1,1
43,용산구,이촌1동,15,3,2,2,2,0,70,10,279,64,0.241929584,312,15,4,1
44,용산구,이촌2동,7,1,1,1,1,0,10,1,46,4,0.103200732,133,7,2,1
45,용산구,이태원1동,3,1,1,1,1,0,26,25,800,13,0.048216735,63,3,1,1
46,용산구,이태원2동,5,1,1,1,1,0,24,9,472,11,0.072748057,94,5,2,1
47,용산구,서빙고동,15,3,2,2,2,0,16,2,68,7,0.236854138,305,15,4,1
48,용산구,보광동,4,1,1,1,1,0,31,11,150,26,0.060059442,78,4,1,1
49,용산구,청파동,5,1,1,1,1,0,46,9,246,23,0.076977595,99,5,2,1
50,용산구,원효로1동,3,1,1,1,1,0,39,45,264,24,0.049908551,65,3,1,1
51,용산구,한강로동,15,3,2,2,2,0,27,102,591,56,0.245313214,316,15,4,1
52,용산구,한남동,16,3,3,2,2,0,36,51,881,39,0.254618198,328,16,5,1
54,성동구,왕십리2동,3,1,1,1,1,0,65,16,100,37,0.050909021,63,5,2,1
55,성동구,마장동,6,2,2,1,1,0,40,18,148,18,0.13037676,160,12,4,1
56,성동구,사근동,6,2,2,1,1,0,23,30,386,5,0.136585177,167,12,4,1
57,성동구,행당1동,4,2,1,1,1,0,43,16,227,45,0.073259322,90,7,2,1
58,성동구,행당2동,3,1,1,1,1,0,67,4,88,48,0.052150704,64,5,2,1
59,성동구,응봉동,3,2,1,1,1,0,36,2,32,15,0.070775955,87,7,2,1
60,성동구,금호1가동,3,1,1,1,1,0,55,7,67,23,0.057117438,70,5,2,1
61,성동구,금호4가동,5,2,1,1,1,0,49,17,142,25,0.104301408,128,9,3,1
62,성동구,성수1가1동,11,4,3,2,1,0,43,7,135,14,0.245853319,300,22,7,1
63,성동구,성수1가2동,5,2,2,1,1,0,38,26,315,18,0.110509825,135,10,3,1
64,성동구,성수2가1동,7,3,2,1,1,0,23,18,298,27,0.146518645,179,13,4,1
65,성동구,성수2가3동,6,2,2,1,1,0,24,40,410,46,0.127893393,157,11,4,1
66,성동구,송정동,4,2,1,1,1,0,16,9,72,8,0.093126257,114,8,3,1
67,성동구,용답동,12,5,3,2,1,0,40,18,236,28,0.288070555,352,25,8,1
68,성동구,왕십리도선동,4,2,1,1,1,0,47,40,389,47,0.089401207,110,8,3,1
69,성동구,금호2.3가동,4,2,1,1,1,0,53,15,218,37,0.079467739,97,7,3,1
70,성동구,옥수동,10,4,3,2,1,0,80,5,153,42,0.242128269,296,21,7,1
72,광진구,화양동,5,3,2,1,1,1,100,227,1297,80,0.130077986,84,8,3,1
73,광진구,군자동,3,2,1,1,1,1,124,106,629,62,0.082980784,54,5,2,1
74,광진구,중곡1동,3,2,1,1,1,1,58,55,452,71,0.069524441,45,4,2,1
75,광진구,중곡2동,2,2,1,1,1,1,160,89,468,96,0.061674907,40,4,1,1
76,광진구,중곡3동,3,2,1,1,1,1,31,15,172,26,0.067281717,44,4,2,1
77,광진구,중곡4동,9,6,3,2,2,1,137,64,413,79,0.260155971,167,15,5,1
78,광진구,능동,4,3,2,1,1,1,59,47,263,42,0.123349814,80,7,2,1
79,광진구,구의1동,2,2,1,1,1,1,98,79,483,62,0.062796269,41,4,2,1
80,광진구,구의2동,5,4,2,1,1,1,145,71,363,61,0.15586931,101,9,3,1
81,광진구,구의3동,4,3,2,1,1,1,212,61,448,71,0.114378918,74,7,2,1
82,광진구,광장동,9,6,4,2,2,1,173,30,318,59,0.268005505,173,16,5,1
83,광진구,자양1동,3,2,1,1,1,1,92,34,278,54,0.063917631,42,4,2,1
84,광진구,자양2동,6,4,3,2,1,1,126,29,164,41,0.188388807,121,11,4,1
85,광진구,자양3동,5,3,2,1,1,1,253,31,492,74,0.134563433,87,8,3,1
86,광진구,자양4동,5,3,2,1,1,1,80,90,572,60,0.130077986,84,8,3,1
88,동대문구,회기동,6,2,2,1,1,0,52,51,518,21,0.101547117,84,9,1,1
89,동대문구,휘경1동,5,2,1,1,1,0,58,22,289,41,0.084177215,69,7,1,1
90,동대문구,휘경2동,8,3,2,2,1,0,62,16,174,29,0.140295359,115,12,1,1
91,동대문구,청량리동,9,3,2,2,1,0,41,33,327,56,0.160337553,132,13,2,1
92,동대문구,용신동,11,4,3,2,2,0,70,47,473,92,0.21511955,177,18,2,1
93,동대문구,제기동,8,3,2,2,1,0,72,24,547,563,0.15766526,130,13,2,1
94,동대문구,전농1동,8,3,2,2,1,0,65,35,522,52,0.159001406,131,13,2,1
95,동대문구,전농2동,6,2,2,1,1,0,75,18,134,28,0.114908579,95,10,1,1
96,동대문구,답십리1동,6,2,2,1,1,0,49,22,213,40,0.108227848,89,9,1,1
97,동대문구,답십리2동,6,2,2,1,1,0,55,21,156,21,0.113572433,93,10,1,1
98,동대문구,장안1동,9,3,2,2,1,0,110,64,551,76,0.167018284,137,14,2,1
99,동대문구,장안2동,8,3,2,2,1,0,207,59,537,64,0.145639944,120,12,1,1
100,동대문구,이문1동,7,3,2,2,1,0,80,63,497,51,0.138959212,114,12,1,1
101,동대문구,이문2동,5,2,2,1,1,0,55,8,126,21,0.092194093,76,8,1,1
103,중랑구,면목2동,4,2,1,1,1,0,60,21,199,35,0.070555229,42,6,1,1
104,중랑구,면목4동,7,2,2,1,1,0,37,10,101,12,0.106316099,63,9,2,1
105,중랑구,면목5동,4,2,1,1,1,0,17,15,98,8,0.061856639,37,5,1,1
106,중랑구,면목7동,5,2,2,1,1,0,37,18,148,21,0.084086369,50,7,2,1
107,중랑구,상봉1동,5,2,2,1,1,0,34,8,120,23,0.082153349,49,7,2,1
108,중랑구,상봉2동,4,2,1,1,1,0,20,62,371,38,0.065722679,39,6,1,1
109,중랑구,중화1동,4,2,1,1,1,0,78,6,118,33,0.065722679,39,6,1,1
110,중랑구,중화2동,6,2,2,1,1,0,37,37,368,42,0.094717979,56,8,2,1
111,중랑구,묵1동,7,3,2,1,1,0,55,15,208,29,0.115981199,69,10,2,1
112,중랑구,묵2동,4,2,1,1,1,0,49,22,189,35,0.067655699,40,6,1,1
113,중랑구,망우3동,6,2,2,1,1,0,56,9,168,16,0.095684489,57,8,2,1
114,중랑구,신내1동,14,5,4,2,2,0,115,19,223,29,0.244527027,145,20,4,1
115,중랑구,신내2동,6,2,2,1,1,0,60,6,90,26,0.095684489,57,8,2,1
116,중랑구,면목본동,6,2,2,1,1,0,72,37,360,43,0.097617509,58,8,2,1
117,중랑구,면목3.8동,10,3,3,2,1,0,73,48,361,34,0.161407168,96,13,2,1
118,중랑구,망우본동,16,5,4,3,2,0,84,55,503,75,0.278354877,164,23,4,1
120,성북구,돈암1동,3,2,1,1,1,1,45,3,36,9,0.039517528,45,4,1,1
121,성북구,돈암2동,3,2,1,1,1,1,18,0,15,8,0.038711047,44,4,1,1
122,성북구,안암동,8,3,2,1,1,1,41,34,493,32,0.107261861,121,11,2,1
123,성북구,보문동,4,2,1,1,1,1,34,14,162,29,0.045162889,51,5,1,1
124,성북구,정릉1동,3,1,1,1,1,1,65,8,114,19,0.035485127,40,4,1,1
125,성북구,정릉2동,7,3,2,1,1,1,67,13,158,26,0.094358178,106,10,2,1
126,성북구,정릉3동,21,9,5,3,2,1,26,9,219,5,0.299204137,336,29,4,2
127,성북구,정릉4동,17,8,4,3,2,1,58,16,176,41,0.252428288,283,25,4,2
128,성북구,길음1동,5,2,1,1,1,1,123,23,270,78,0.063711932,72,7,1,1
129,성북구,길음2동,4,2,1,1,1,1,68,26,263,28,0.046775849,53,5,1,1
130,성북구,월곡1동,5,2,1,1,1,1,68,4,184,48,0.065324892,74,7,1,1
131,성북구,월곡2동,8,4,2,1,1,1,39,14,194,39,0.109681301,123,11,2,1
132,성북구,장위1동,4,2,1,1,1,1,37,8,143,19,0.056453611,64,6,1,1
133,성북구,장위2동,4,2,1,1,1,1,37,11,212,30,0.05403417,61,6,1,1
134,성북구,장위3동,4,2,1,1,1,1,31,5,76,16,0.05242121,59,6,1,1
135,성북구,성북동,16,7,4,3,2,1,53,12,258,41,0.230653324,259,23,3,2
136,성북구,삼선동,5,3,2,1,1,1,110,33,438,79,0.074196174,84,8,1,1
137,성북구,동선동,4,2,1,1,1,1,103,50,528,62,0.058873051,66,6,1,1
138,성북구,종암동,8,4,2,2,1,1,157,36,288,67,0.117746103,132,12,2,1
139,성북구,석관동,10,4,3,2,1,1,66,15,364,36,0.139521067,157,14,2,1
141,강북구,번1동,3,1,1,1,1,1,28,35,245,37,0.047572771,27,4,1,1
142,강북구,번2동,4,1,1,1,1,1,21,7,61,11,0.068475958,39,5,1,1
143,강북구,번3동,4,2,1,1,1,1,23,7,61,12,0.079287951,45,6,1,1
144,강북구,수유1동,6,2,1,1,1,1,30,12,181,16,0.120373526,67,9,2,1
145,강북구,수유2동,2,1,1,1,1,1,66,22,240,31,0.041085575,23,3,1,1
146,강북구,수유3동,3,1,1,1,1,1,26,75,568,46,0.051897568,29,4,1,1
147,강북구,삼양동,4,1,1,1,1,1,50,9,121,26,0.06559276,37,5,1,1
148,강북구,미아동,4,1,1,1,1,1,27,19,273,38,0.067034359,38,5,1,1
149,강북구,송중동,4,2,1,1,1,1,72,42,479,65,0.072800755,41,6,1,1
150,강북구,송천동,4,1,1,1,1,1,53,19,403,54,0.06487196,37,5,1,1
151,강북구,삼각산동,3,1,1,1,1,1,41,7,87,23,0.044689573,25,4,1,1
152,강북구,우이동,36,11,7,6,4,2,21,20,268,18,0.740981945,413,51,7,4
153,강북구,인수동,12,4,2,2,1,1,55,10,180,19,0.236422255,132,17,3,1
155,도봉구,쌍문1동,5,2,2,1,1,1,55,6,157,22,0.121539206,54,9,2,1
156,도봉구,쌍문2동,3,1,1,1,1,1,76,17,195,36,0.052928364,24,4,1,1
157,도봉구,쌍문3동,2,1,1,1,1,1,57,7,157,29,0.049007744,22,4,1,1
158,도봉구,쌍문4동,2,1,1,1,1,1,103,5,75,10,0.050968054,23,4,1,1
159,도봉구,방학1동,3,2,1,1,1,1,64,42,424,52,0.067630687,31,5,1,1
160,도봉구,방학2동,3,2,1,1,1,1,52,11,159,18,0.072531462,33,6,2,1
161,도봉구,방학3동,11,4,3,2,2,1,89,7,106,24,0.258760891,115,20,4,1
162,도봉구,창1동,4,2,1,1,1,1,43,16,124,32,0.08625363,39,7,2,1
163,도봉구,창2동,5,2,2,1,1,1,81,16,190,29,0.104876573,47,8,2,1
164,도봉구,창3동,3,2,1,1,1,1,40,12,201,24,0.065670378,30,5,1,1
165,도봉구,창4동,4,2,2,1,1,1,87,15,158,32,0.094094869,42,7,2,1
166,도봉구,창5동,3,2,1,1,1,1,97,23,192,52,0.068610842,31,6,1,1
167,도봉구,도봉1동,34,14,10,6,5,1,42,34,341,33,0.854695063,380,63,13,3
168,도봉구,도봉2동,4,2,1,1,1,1,45,9,217,18,0.081352856,37,6,2,1
170,노원구,월계1동,6,3,2,1,1,1,59,33,346,42,0.063221366,52,9,2,1
171,노원구,월계2동,10,4,3,2,2,1,40,4,125,19,0.105732285,87,15,3,1
172,노원구,월계3동,6,3,2,1,1,1,77,6,101,36,0.063766378,53,9,2,1
173,노원구,공릉2동,35,14,9,6,5,1,93,38,340,26,0.371698032,304,51,8,3
174,노원구,하계1동,8,4,2,2,2,1,48,5,159,23,0.084476825,69,12,2,1
175,노원구,하계2동,3,2,1,1,1,1,35,5,39,16,0.027795601,23,4,1,1
176,노원구,중계본동,11,4,3,2,2,1,184,13,181,34,0.10736732,88,15,3,1
177,노원구,중계1동,4,2,1,1,1,1,150,8,114,20,0.034335742,29,5,1,1
178,노원구,중계4동,9,4,3,2,2,1,69,19,239,37,0.092652002,76,13,2,1
179,노원구,상계1동,29,12,7,5,4,1,105,30,364,41,0.306296619,250,42,7,2
180,노원구,상계2동,4,2,1,1,1,1,72,54,547,60,0.033245718,28,5,1,1
181,노원구,상계5동,3,1,1,1,1,1,77,18,195,25,0.023980518,20,4,1,1
182,노원구,상계8동,4,2,1,1,1,1,81,5,92,29,0.036515789,30,5,1,1
183,노원구,상계9동,5,2,1,1,1,1,58,6,53,25,0.044145954,37,7,1,1
184,노원구,상계10동,5,2,1,1,1,1,52,5,35,7,0.043600942,36,6,1,1
185,노원구,상계3.4동,29,12,7,5,4,1,62,25,217,34,0.306296619,250,42,7,2
186,노원구,상계6.7동,6,3,2,1,1,1,153,32,318,140,0.060496307,50,9,2,1
187,노원구,중계2.3동,5,2,2,1,1,1,95,14,290,67,0.04905106,41,7,2,1
188,노원구,공릉1동,8,3,2,2,1,1,72,37,474,61,0.076846661,63,11,2,1
190,은평구,녹번동,8,4,2,2,2,1,66,15,324,30,0.128356724,151,11,2,1
191,은평구,불광1동,14,6,4,2,2,1,64,17,226,37,0.224444997,264,19,3,1
192,은평구,갈현1동,5,2,2,1,1,1,97,90,676,66,0.069556437,82,6,1,1
193,은평구,갈현2동,5,2,2,1,1,1,147,43,485,50,0.06883936,81,6,1,1
194,은평구,구산동,7,3,2,1,1,1,85,3,163,36,0.09895658,117,9,2,1
195,은평구,대조동,4,2,1,1,1,1,75,45,623,133,0.060951517,72,6,1,1
196,은평구,응암1동,6,3,2,1,1,1,98,23,345,74,0.0860492,102,8,1,1
197,은평구,응암2동,4,2,1,1,1,1,24,2,54,6,0.05593198,66,5,1,1
198,은평구,신사1동,4,2,1,1,1,1,61,22,154,22,0.06023444,71,6,1,1
199,은평구,신사2동,5,2,2,1,1,1,38,3,86,9,0.071707667,85,7,1,1
200,은평구,증산동,4,2,1,1,1,1,51,14,149,14,0.05808321,69,5,1,1
201,은평구,수색동,6,3,2,1,1,1,20,7,89,12,0.09250289,109,8,1,1
202,은평구,진관동,51,20,13,7,7,1,212,9,514,78,0.826789399,973,70,9,4
203,은평구,불광2동,7,3,2,1,1,1,104,23,402,72,0.09895658,117,9,2,1
204,은평구,응암3동,3,2,1,1,1,1,67,38,472,57,0.04517583,54,4,1,1
205,은평구,역촌동,6,2,2,1,1,1,124,21,411,46,0.083180894,98,8,1,1
207,서대문구,천연동,7,2,1,1,1,1,52,8,189,44,0.113807369,149,7,2,1
208,서대문구,홍제1동,9,2,2,1,1,1,59,16,176,43,0.144312437,189,9,2,1
209,서대문구,홍제3동,6,2,1,1,1,1,34,16,203,32,0.095035019,125,6,1,1
210,서대문구,홍제2동,8,2,2,1,1,1,37,9,104,23,0.123193544,162,8,2,1
211,서대문구,홍은1동,11,3,2,2,1,1,49,7,185,19,0.185376951,243,12,2,1
212,서대문구,홍은2동,14,4,3,2,1,1,63,12,235,21,0.241694,317,15,3,1
213,서대문구,남가좌1동,4,1,1,1,1,1,7,3,121,24,0.059836864,79,4,1,1
214,서대문구,남가좌2동,6,2,1,1,1,1,36,16,239,26,0.090341932,119,6,1,1
215,서대문구,북가좌1동,4,1,1,1,1,1,29,3,54,23,0.064529951,85,4,1,1
216,서대문구,북가좌2동,6,2,1,1,1,1,67,15,240,43,0.098554835,129,7,2,1
217,서대문구,충현동,8,2,2,1,1,1,58,21,544,51,0.131406447,172,9,2,1
218,서대문구,북아현동,4,1,1,1,1,1,37,4,140,20,0.053970505,71,4,1,1
219,서대문구,신촌동,18,4,3,3,2,1,165,150,2187,137,0.308570495,404,19,4,1
220,서대문구,연희동,21,5,4,3,2,1,80,14,399,38,0.357847912,468,22,4,1
222,마포구,용강동,6,1,1,1,1,1,53,23,291,24,0.077024884,62,7,2,1
223,마포구,대흥동,6,2,1,1,1,1,76,35,350,83,0.080692735,65,7,2,1
224,마포구,염리동,3,1,1,1,1,1,29,7,138,13,0.039429405,32,4,1,1
225,마포구,신수동,5,1,1,1,1,1,41,9,154,22,0.071523106,58,6,2,1
226,마포구,서교동,10,2,2,1,1,1,232,116,2463,162,0.151298879,121,12,3,1
227,마포구,합정동,11,3,2,2,1,1,33,10,414,22,0.157717619,126,13,3,1
228,마포구,망원1동,7,2,2,1,1,1,27,14,293,35,0.103616808,83,9,2,1
229,마포구,망원2동,4,1,1,1,1,1,49,11,185,12,0.061436514,49,5,2,1
230,마포구,연남동,4,1,1,1,1,1,24,7,480,12,0.058685626,47,5,2,1
231,마포구,성산1동,5,1,1,1,1,1,45,4,177,13,0.073357032,59,6,2,1
232,마포구,성산2동,13,3,2,2,1,1,100,8,235,36,0.189811321,152,16,4,1
233,마포구,상암동,51,10,8,5,4,1,70,11,447,43,0.770248838,614,61,15,3
234,마포구,도화동,4,1,1,1,1,1,49,19,320,61,0.0568517,46,5,2,1
235,마포구,서강동,9,2,2,1,1,1,84,17,557,25,0.132959621,106,11,3,1
236,마포구,공덕동,7,2,1,1,1,1,52,21,207,33,0.092613253,74,8,2,1
237,마포구,아현동,5,1,1,1,1,1,43,6,305,54,0.069689181,56,6,2,1
239,양천구,목1동,10,5,3,2,2,0,289,70,749,130,0.155901781,203,16,3,1
240,양천구,목2동,8,3,2,2,1,0,56,17,161,16,0.113885698,148,12,3,1
241,양천구,목3동,4,2,1,1,1,0,52,28,167,41,0.058601379,77,6,2,1
242,양천구,목4동,4,2,1,1,1,0,100,17,202,31,0.063024124,82,7,2,1
243,양천구,신월1동,5,2,2,1,1,0,50,17,204,11,0.071869615,94,8,2,1
244,양천구,신월2동,5,2,2,1,1,0,57,6,75,13,0.06744687,88,7,2,1
245,양천구,신월3동,7,3,2,1,1,0,32,3,87,12,0.096194716,125,10,2,1
246,양천구,신월4동,4,2,1,1,1,0,57,9,131,15,0.057495692,75,6,2,1
247,양천구,신월5동,5,2,2,1,1,0,53,17,142,14,0.076292361,100,8,2,1
248,양천구,신월6동,3,2,1,1,1,0,16,9,68,8,0.045333142,59,5,1,1
249,양천구,신월7동,9,4,3,2,1,0,51,14,124,16,0.13157668,171,14,3,1
250,양천구,신정1동,5,3,2,1,1,0,59,10,154,21,0.077398047,101,8,2,1
251,양천구,신정2동,4,2,1,1,1,0,176,7,182,39,0.057495692,75,6,2,1
252,양천구,신정3동,19,8,5,3,3,0,122,23,195,39,0.300746697,391,31,6,2
253,양천구,신정6동,7,3,2,2,1,0,110,1,74,17,0.106145893,138,11,2,1
254,양천구,신정7동,9,4,3,2,1,0,79,11,117,26,0.133788053,174,14,3,1
255,양천구,목5동,13,6,4,2,2,0,356,11,164,25,0.200129236,260,21,4,1
256,양천구,신정4동,8,3,2,2,1,0,166,88,475,102,0.111674325,145,12,3,1
258,강서구,염창동,8,2,2,1,1,1,144,32,219,41,0.08110154,51,11,2,1
259,강서구,등촌1동,3,1,1,1,1,1,68,32,331,71,0.027499948,18,4,1,1
260,강서구,등촌2동,4,2,1,1,1,1,42,6,90,10,0.042881274,27,6,1,1
261,강서구,등촌3동,4,1,1,1,1,1,191,56,524,102,0.036821964,23,5,1,1
262,강서구,화곡본동,5,2,1,1,1,1,69,21,179,27,0.051737189,33,7,1,1
263,강서구,화곡2동,2,1,1,1,1,1,47,9,55,10,0.021906738,14,3,1,1
264,강서구,화곡3동,3,1,1,1,1,1,110,37,206,35,0.023771141,15,4,1,1
265,강서구,화곡4동,4,1,1,1,1,1,58,40,205,20,0.038220266,24,5,1,1
266,강서구,화곡6동,5,2,1,1,1,1,69,136,681,55,0.05220329,33,7,1,1
267,강서구,화곡8동,3,1,1,1,1,1,43,26,170,39,0.024703343,16,4,1,1
268,강서구,가양1동,20,6,5,3,3,1,77,46,976,49,0.219067379,137,29,4,2
269,강서구,가양2동,5,2,1,1,1,1,14,13,102,45,0.046610081,30,7,1,1
270,강서구,가양3동,5,2,1,1,1,1,33,0,63,14,0.04614398,29,6,1,1
271,강서구,발산1동,13,4,3,2,2,1,164,40,356,67,0.137965839,86,18,2,1
272,강서구,공항동,45,13,10,6,7,1,31,33,301,25,0.506651576,316,66,8,3
273,강서구,방화1동,5,2,1,1,1,1,81,35,333,63,0.048474484,31,7,1,1
274,강서구,방화2동,27,8,6,4,4,1,47,35,285,9,0.298770617,186,39,5,2
275,강서구,방화3동,10,3,3,2,2,1,27,4,79,10,0.110931992,70,15,2,1
276,강서구,화곡1동,5,2,1,1,1,1,74,58,430,55,0.05220329,33,7,1,1
277,강서구,우장산동,6,2,2,1,1,1,109,18,182,60,0.06338971,40,9,1,1
279,구로구,신도림동,8,3,2,1,2,1,130,17,360,42,0.151602883,201,17,3,1
280,구로구,구로1동,6,2,2,1,1,1,62,6,101,22,0.105193837,140,12,2,1
281,구로구,구로3동,6,2,2,1,1,1,107,69,801,57,0.105193837,140,12,2,1
282,구로구,구로4동,3,1,1,1,1,1,72,43,362,39,0.047440358,63,6,1,1
283,구로구,구로5동,6,2,2,1,1,1,81,40,459,38,0.106225149,141,12,2,1
284,구로구,고척1동,6,3,2,1,1,1,40,38,278,26,0.119632207,159,13,3,1
285,구로구,고척2동,6,2,2,1,1,1,105,15,151,25,0.105193837,140,12,2,1
286,구로구,개봉2동,5,2,1,1,1,1,84,12,148,26,0.08250497,110,9,2,1
287,구로구,개봉3동,5,2,1,1,1,1,33,4,108,14,0.083536282,111,9,2,1
288,구로구,오류1동,4,2,1,1,1,1,53,24,175,34,0.060847416,81,7,2,1
289,구로구,오류2동,24,9,6,3,4,1,160,22,249,36,0.474403579,628,51,9,3
290,구로구,수궁동,14,6,4,2,2,1,45,19,152,11,0.275360338,365,30,5,2
291,구로구,가리봉동,3,1,1,1,1,1,23,52,240,8,0.041252485,55,5,1,1
292,구로구,구로2동,10,4,3,2,2,1,61,41,528,49,0.181510934,241,20,4,1
293,구로구,개봉1동,7,3,2,1,1,1,84,36,280,24,0.135101889,179,15,3,1
295,금천구,가산동,11,4,4,2,2,0,94,63,936,58,0.382258065,296,17,3,1
296,금천구,독산1동,9,4,3,2,1,0,95,29,361,26,0.31703149,245,14,3,1
297,금천구,독산2동,3,1,1,1,1,0,52,22,139,22,0.091013825,71,4,1,1
298,금천구,독산3동,4,2,2,1,1,0,44,21,259,22,0.139554531,108,7,1,1
299,금천구,독산4동,3,1,1,1,1,0,36,18,165,7,0.089496928,70,4,1,1
300,금천구,시흥1동,8,3,3,2,1,0,128,77,589,59,0.259389401,201,12,2,1
301,금천구,시흥2동,6,2,2,1,1,0,72,2,52,25,0.191129032,148,9,2,1
302,금천구,시흥3동,5,2,2,1,1,0,24,15,139,9,0.162307988,126,7,2,1
303,금천구,시흥4동,4,2,2,1,1,0,83,12,115,45,0.131970046,102,6,1,1
304,금천구,시흥5동,6,3,2,1,1,0,73,35,182,31,0.210848694,163,10,2,1
306,영등포구,여의동,37,15,8,4,4,0,123,53,1577,162,0.81857788,630,71,12,2
307,영등포구,당산1동,4,2,1,1,1,0,53,35,439,38,0.073087311,57,7,2,1
308,영등포구,당산2동,7,3,2,1,1,0,79,35,342,67,0.151047109,117,13,3,1
309,영등포구,양평1동,4,2,1,1,1,0,59,20,350,26,0.085755778,66,8,2,1
310,영등포구,양평2동,14,6,3,2,2,0,75,28,383,23,0.292349243,225,26,5,1
311,영등포구,신길1동,3,2,1,1,1,0,44,32,160,21,0.064316833,50,6,1,1
312,영등포구,신길3동,3,1,1,1,1,0,25,19,135,35,0.050673869,39,5,1,1
313,영등포구,신길4동,2,1,1,1,1,0,17,1,56,6,0.034107412,27,3,1,1
314,영등포구,신길5동,3,1,1,1,1,0,13,12,57,6,0.045801381,36,4,1,1
315,영등포구,신길6동,3,2,1,1,1,0,40,12,156,22,0.066265828,51,6,1,1
316,영등포구,신길7동,3,2,1,1,1,0,28,6,71,7,0.062367838,48,6,1,1
317,영등포구,대림1동,3,1,1,1,1,0,28,15,160,21,0.047750376,37,5,1,1
318,영등포구,대림2동,3,1,1,1,1,0,23,31,259,23,0.053597361,42,5,1,1
319,영등포구,대림3동,5,2,1,1,1,0,73,57,292,26,0.09257726,72,8,2,1
320,영등포구,영등포본동,5,2,1,1,1,0,42,30,285,27,0.099398743,77,9,2,1
321,영등포구,영등포동,6,3,2,1,1,0,129,109,1188,154,0.122786682,95,11,2,1
322,영등포구,도림동,4,2,1,1,1,0,47,15,118,17,0.086730275,67,8,2,1
323,영등포구,문래동,7,3,2,1,1,0,86,19,453,53,0.145200124,112,13,3,1
325,동작구,노량진2동,4,2,1,1,1,1,43,17,147,19,0.07658556,71,7,2,1
326,동작구,상도1동,8,4,2,2,1,1,75,29,268,44,0.180694057,166,15,3,1
327,동작구,상도2동,5,3,2,1,1,1,113,28,217,58,0.117271639,108,10,2,1
328,동작구,상도3동,3,2,1,1,1,1,39,16,131,25,0.071798963,66,6,2,1
329,동작구,상도4동,4,2,1,1,1,1,68,14,142,20,0.089748704,83,8,2,1
330,동작구,사당1동,4,2,2,1,1,1,40,27,293,43,0.094535301,87,8,2,1
331,동작구,사당3동,5,2,2,1,1,1,53,10,128,19,0.110091743,101,9,2,1
332,동작구,사당4동,2,1,1,1,1,1,22,7,83,22,0.045472677,42,4,1,1
333,동작구,사당5동,3,2,1,1,1,1,31,5,52,4,0.068209015,63,6,1,1
334,동작구,대방동,8,4,2,2,1,1,199,22,271,71,0.185480654,170,15,3,1
335,동작구,신대방1동,3,2,1,1,1,1,51,12,123,25,0.074192262,68,6,2,1
336,동작구,신대방2동,5,3,2,2,1,1,53,25,200,28,0.123254886,113,10,2,1
337,동작구,흑석동,9,4,3,2,1,1,53,11,277,33,0.201037096,185,17,3,1
338,동작구,노량진1동,8,4,3,2,1,1,160,29,355,22,0.189070602,174,16,3,1
339,동작구,사당2동,14,6,4,3,2,1,50,37,309,60,0.32907858,302,27,5,2
341,관악구,보라매동,3,1,1,1,1,1,60,30,262,22,0.057800944,83,4,1,1
342,관악구,청림동,2,1,1,1,1,1,50,6,54,13,0.022816162,33,2,1,1
343,관악구,행운동,3,1,1,1,1,1,79,22,255,41,0.054758789,79,4,1,1
344,관악구,낙성대동,9,3,2,2,2,1,43,32,396,31,0.172642293,248,11,3,1
345,관악구,중앙동,2,1,1,1,1,1,36,17,195,44,0.029661011,43,2,1,1
346,관악구,인헌동,5,2,1,1,1,1,77,31,215,41,0.082138184,118,5,2,1
347,관악구,남현동,13,4,3,2,2,1,48,29,219,22,0.248696167,357,15,4,1
348,관악구,서원동,3,1,1,1,1,1,55,54,267,27,0.049435018,71,3,1,1
349,관악구,신원동,3,1,1,1,1,1,39,17,139,17,0.041829631,60,3,1,1
350,관악구,서림동,4,2,1,1,1,1,52,16,134,18,0.075293335,108,5,1,1
351,관악구,신사동(관악),3,1,1,1,1,1,0,0,0,0,0.048674479,70,3,1,1
352,관악구,신림동,3,1,1,1,1,1,36,86,374,38,0.041069092,59,3,1,1
353,관악구,난향동,3,1,1,1,1,1,35,5,48,14,0.060843099,88,4,1,1
354,관악구,조원동,3,1,1,1,1,1,69,41,309,28,0.050956095,74,4,1,1
355,관악구,대학동,31,11,7,5,5,1,82,39,389,22,0.631247151,905,38,9,2
356,관악구,은천동,3,1,1,1,1,1,115,28,270,35,0.059322021,86,4,1,1
357,관악구,성현동,3,1,1,1,1,1,117,14,85,29,0.051716634,75,4,1,1
358,관악구,청룡동,5,2,1,1,1,1,79,35,322,39,0.089743571,129,6,2,1
359,관악구,난곡동,4,2,1,1,1,1,53,18,91,29,0.073011719,105,5,1,1
360,관악구,삼성동,10,4,2,2,2,1,57,5,142,17,0.202303304,290,13,3,1
361,관악구,미성동,6,2,2,1,1,1,82,17,178,30,0.104954346,151,7,2,1
363,서초구,서초1동,6,1,1,1,1,1,93,40,391,69,0.06064838,57,5,2,1
364,서초구,서초2동,5,1,1,1,1,1,91,49,617,91,0.052960557,50,5,2,1
365,서초구,서초3동,12,2,2,1,1,1,165,113,1059,122,0.12514067,117,10,3,1
366,서초구,서초4동,4,1,1,1,1,1,200,77,965,312,0.037584911,35,3,1,1
367,서초구,잠원동,7,1,1,1,1,1,124,45,481,97,0.075169822,70,6,2,1
368,서초구,반포본동,4,1,1,1,1,1,110,2,123,18,0.043137228,41,4,1,1
369,서초구,반포1동,4,1,1,1,1,1,78,39,310,121,0.042710126,40,4,1,1
370,서초구,반포2동,6,1,1,1,1,1,98,4,84,42,0.057658671,54,5,2,1
371,서초구,반포3동,5,1,1,1,1,1,161,12,207,107,0.054668962,51,5,2,1
372,서초구,반포4동,6,1,1,1,1,1,225,28,779,88,0.061075481,57,5,2,1
373,서초구,방배본동,3,1,1,1,1,1,98,30,319,48,0.028615785,27,3,1,1
374,서초구,방배1동,3,1,1,1,1,1,119,45,332,67,0.029897088,28,3,1,1
375,서초구,방배2동,8,2,1,1,1,1,109,35,429,43,0.082430544,77,7,2,1
376,서초구,방배3동,10,2,2,1,1,1,83,8,129,27,0.102504303,96,8,3,1
377,서초구,방배4동,4,1,1,1,1,1,141,38,361,127,0.041855924,39,4,1,1
378,서초구,양재1동,22,4,3,2,2,1,112,42,578,70,0.246010328,230,19,6,1
379,서초구,양재2동,29,5,4,3,2,1,73,62,677,28,0.323742758,302,25,7,2
380,서초구,내곡동,48,8,7,5,3,1,23,3,97,18,0.541564403,505,42,12,2
382,강남구,신사동(강남),8,2,2,2,2,1,0,0,0,0,0.087634838,228,10,2,1
383,강남구,논현1동,5,2,1,1,1,1,130,111,1036,269,0.057959549,151,7,2,1
384,강남구,논현2동,6,2,2,1,1,1,99,94,1073,209,0.068160429,178,8,2,1
385,강남구,삼성1동,8,2,2,2,2,1,42,44,995,79,0.08995322,234,10,2,1
386,강남구,삼성2동,5,2,1,1,1,1,90,35,509,101,0.057495872,150,7,2,1
387,강남구,대치1동,4,1,1,1,1,1,476,36,335,134,0.036630435,96,4,1,1
388,강남구,대치4동,3,1,1,1,1,1,777,150,1216,170,0.033848376,88,4,1,1
389,강남구,역삼1동,10,3,2,2,2,1,519,347,3996,586,0.108963952,284,12,3,1
390,강남구,역삼2동,5,2,1,1,1,1,88,37,626,108,0.053322785,139,6,2,1
391,강남구,도곡1동,5,2,1,1,1,1,100,19,270,104,0.047294992,123,6,1,1
392,강남구,도곡2동,5,2,1,1,1,1,160,29,487,94,0.047294992,123,6,1,1
393,강남구,개포1동,5,2,1,1,1,1,26,0,20,6,0.058886901,153,7,2,1
394,강남구,개포4동,6,2,2,1,1,1,47,12,198,31,0.069087782,180,8,2,1
395,강남구,일원본동,11,3,3,2,2,1,62,3,91,29,0.119628509,311,13,3,1
396,강남구,일원1동,4,1,1,1,1,1,33,24,140,26,0.042658228,111,5,1,1
397,강남구,일원2동,5,2,1,1,1,1,39,4,71,33,0.057495872,150,7,2,1
398,강남구,수서동,6,2,2,1,1,1,37,9,224,32,0.066305724,173,8,2,1
399,강남구,세곡동,25,7,5,4,4,1,57,6,211,35,0.294898184,767,32,6,3
400,강남구,압구정동,10,3,2,2,2,1,246,79,1228,403,0.117310127,305,13,3,1
401,강남구,청담동,10,3,2,2,2,1,170,58,780,250,0.108036599,281,12,3,1
402,강남구,대치2동,8,3,2,2,2,1,471,73,902,99,0.092735278,241,10,2,1
403,강남구,개포2동,10,3,2,2,2,1,184,24,192,38,0.116382774,303,13,3,1
405,송파구,풍납1동,4,2,1,1,1,1,24,11,126,10,0.045616231,28,5,2,1
406,송파구,풍납2동,8,3,2,2,1,1,60,14,129,31,0.094194555,57,9,3,1
407,송파구,거여1동,3,1,1,1,1,1,38,15,98,6,0.030213348,19,3,1,1
408,송파구,거여2동,3,1,1,1,1,1,34,15,84,24,0.031398185,19,3,1,1
409,송파구,마천1동,3,1,1,1,1,1,27,13,93,9,0.034360278,21,4,1,1
410,송파구,마천2동,5,2,1,1,1,1,42,15,175,32,0.052725254,32,5,2,1
411,송파구,방이1동,3,1,1,1,1,1,105,15,224,30,0.029620929,18,3,1,1
412,송파구,방이2동,4,2,1,1,1,1,88,69,580,52,0.047393487,29,5,2,1
413,송파구,오륜동,16,5,4,3,2,1,7,1,47,13,0.187796691,113,18,5,2
414,송파구,오금동,9,3,2,2,1,1,154,25,249,31,0.097749066,59,10,3,1
415,송파구,송파1동,4,2,1,1,1,1,106,36,396,45,0.046801068,29,5,2,1
416,송파구,송파2동,3,1,1,1,1,1,76,2,97,33,0.031398185,19,3,1,1
417,송파구,석촌동,5,2,2,1,1,1,109,51,393,53,0.056279765,34,6,2,1
418,송파구,삼전동,5,2,2,1,1,1,128,32,299,47,0.056279765,34,6,2,1
419,송파구,가락본동,6,2,2,1,1,1,63,93,470,44,0.0669433,41,7,2,1
420,송파구,가락1동,7,3,2,2,1,1,5,0,65,6,0.07938409,48,8,2,1
421,송파구,가락2동,5,2,2,1,1,1,101,24,198,44,0.056872184,35,6,2,1
422,송파구,문정1동,3,1,1,1,1,1,59,22,205,19,0.033175441,20,4,1,1
423,송파구,문정2동,11,4,3,2,2,1,25,13,764,51,0.130332088,79,13,3,1
424,송파구,장지동,7,3,2,2,1,1,101,16,170,30,0.081161346,49,8,2,1
425,송파구,위례동,13,4,3,3,2,1,17,0,180,11,0.151066739,91,15,4,1
426,송파구,잠실본동,5,2,2,1,1,1,140,102,666,130,0.055687347,34,6,2,1
427,송파구,잠실4동,8,3,2,2,1,1,23,3,50,30,0.092417299,56,9,3,1
428,송파구,잠실6동,14,5,4,3,2,1,81,16,564,86,0.165284785,100,16,4,1
429,송파구,잠실7동,3,1,1,1,1,1,11,1,33,17,0.035545115,22,4,1,1
430,송파구,잠실2동,11,4,3,2,2,1,110,1,178,73,0.129147251,78,13,3,1
431,송파구,잠실3동,8,3,2,2,1,1,63,3,292,69,0.088270369,53,9,2,1
433,강동구,강일동,15,5,3,3,2,1,73,3,86,28,0.239121594,171,16,4,1
434,강동구,상일동,14,5,3,2,2,1,36,12,153,12,0.226311509,161,15,4,1
435,강동구,명일1동,4,1,1,1,1,1,113,40,310,60,0.052094347,38,4,1,1
436,강동구,명일2동,5,2,2,1,1,1,152,20,124,26,0.082838552,59,6,2,1
437,강동구,고덕1동,9,3,2,2,1,1,36,5,99,9,0.147742985,106,10,3,1
438,강동구,고덕2동,11,4,3,2,2,1,21,10,86,4,0.171655144,123,12,3,1
439,강동구,암사2동,6,2,2,1,1,1,64,8,112,30,0.100772672,72,7,2,1
440,강동구,암사3동,13,4,3,2,2,1,77,3,62,32,0.214355429,153,15,4,1
441,강동구,천호1동,4,2,1,1,1,1,56,10,195,24,0.060634404,44,4,2,1
442,강동구,천호3동,4,2,1,1,1,1,52,59,435,65,0.06746645,48,5,2,1
443,강동구,성내1동,3,1,1,1,1,1,79,18,277,13,0.04953233,36,4,1,1
444,강동구,성내2동,4,2,1,1,1,1,84,58,480,49,0.057218381,41,4,1,1
445,강동구,성내3동,4,2,1,1,1,1,108,61,431,61,0.060634404,44,4,2,1
446,강동구,둔촌1동,5,2,1,1,1,1,10,1,7,3,0.078568524,56,6,2,1
447,강동구,둔촌2동,5,2,2,1,1,1,145,29,274,34,0.083692558,60,6,2,1
448,강동구,암사1동,6,2,2,1,1,1,112,41,348,33,0.087108581,62,6,2,1
449,강동구,천호2동,8,3,2,2,1,1,104,73,752,115,0.134078894,96,9,3,1
450,강동구,길동,11,4,3,2,2,1,263,109,796,107,0.185319235,132,13,4,1
